f1,f2,f3,f4,f5,f6,f7,f8,f9,f10,f11,f12,f13,f14,f15,f16,f17,f18,f19,f20,label
157,37.53712786234496,4810,8.262788909507767,0.5623288562140887,0.7301734533106766,0.7466032046442038,0.5568383899362369,0.8831043506407603,0.6113570130983824,0.282397110105827,-0.7934823811278349,1,0.618676709068865,0.9420103672792839,0.37115372363079424,5.072450050486925,44.86335300277173,0.6217266153088818,0.9533221604663561,1
147,111.44119459249598,10667,7.554423583411595,0.9589955161197687,0.5717893159359805,0.012596401271786961,0.9679591436670032,0.7887217025004335,0.9640541301314893,0.8353064608584502,-0.8958241861456981,3,0.44381274098008083,0.7667729740980447,0.3703812140287275,7.636781141479844,67.99554331235765,0.5897376125562032,0.11073662451042032,0
69,61.87705248920731,13002,8.53471404417417,0.24848392617192783,0.4340521760809567,0.6444850615205939,0.8357821002212908,0.503990597073234,0.09557444766260115,0.31684494365033,-0.1279168341740995,1,0.24609912257631594,0.8911066875349052,-0.9460299282630154,-1.2440102920153957,39.018348982260285,0.9704174793868637,0.30501864885946817,1
161,58.31385282494975,11518,4.661861895174862,0.7483162747568046,0.12757017457137088,0.18286452675487241,0.5318092800254958,0.5353121804211639,0.022549221530086427,0.7250931239865422,0.24629473467191376,3,0.6791974553522796,-0.7727952610520408,0.7982442013209419,8.325270655713128,66.73748970342429,0.06078184248466989,0.03586239845465855,1
126,71.89177052828376,15258,6.965072501802988,0.21997297769604574,0.4090851486348762,0.23240404621441313,0.6694500356056681,0.5159284488078804,0.05574959847032801,0.12099976751206643,0.6811067135025284,2,0.873243945741321,0.7362968745083776,-0.32378687314164667,6.334169977362581,50.970471461782765,0.10812260729606149,0.14888720262376676,0
75,24.696596677505504,3019,6.995602925201625,0.33714734136843416,0.3543771829861353,0.6356319986400399,0.8778710617226857,0.3140321996727953,0.05240568646119881,0.16870164280374567,0.3652897645862627,1,0.3728703306808605,-0.7418186765433881,0.4883315249632181,5.93370633157118,22.749456472107845,0.506083465645757,0.6993971074657895,0
157,36.62833687560794,7237,5.767303702733912,0.5628631999382674,0.3028298889787422,0.9929434657829072,0.7282377945510653,0.7077982364503679,0.9078158577774044,0.31579564450825115,-0.5832784218502853,3,0.8415384676913369,0.26586435708797795,0.5196138142006397,0.19811604645286618,52.21610289855711,0.5271098253536346,0.3667165006629388,1
176,93.80336164263704,12028,6.292332122846289,0.5638979542422946,0.7308796233222077,0.7777174890725507,0.7899712588995335,0.7891835693122229,0.7212579079338247,0.5938737676678615,-0.076459267207442,2,0.43108204648349047,0.44015632135600447,0.3011099576244791,8.314870956407923,93.56202236153159,0.03992765880517124,0.45207657067912055,0
129,28.279866792512646,14448,4.189907816449267,0.7485604343469152,0.7007255212842638,0.22583963222339198,0.8522609212270313,0.8977061954676424,0.6771063661962783,0.6455114854786993,0.8206926926173106,3,0.401335943099426,-0.6782930037014283,-0.21026695371141568,4.569690660898248,43.44895033067685,0.8258554208594521,0.15697839513065615,1
142,80.31521094663881,12640,7.72930019313506,0.9281704278942053,0.5890200909809116,0.1760247550411338,0.7732055132853883,0.39811580336791125,0.5225728202618095,0.39635617196747486,-0.34651787504525755,0,0.028324357547027668,0.2653187518590794,0.2167684336330511,7.777592152942038,45.826591154917516,0.49472349810289573,0.6821401728913017,0
171,44.534910968132095,14485,6.74661239701587,0.7112257271319367,0.9386648132933723,0.8662328702676704,0.7240475931533175,0.6809282042837612,0.7819526169721519,0.07783915311051404,-0.0025392698161370575,0,0.6952789013674103,-0.8950790141760119,-0.9196026174842469,0.4145718397940765,25.27527104474295,0.34664374664052877,0.7515215980912536,0
154,58.929561404197656,3283,4.2887052593458685,0.9628280782812071,0.34985438418085446,0.4441839479215043,0.8497685706326641,0.305605698471648,0.1556479927615908,0.3736346520927243,0.9171306692873935,2,0.8075025251138229,-0.4134678285143396,0.5237915843758125,-2.8152186340346526,69.20379588554354,0.31885377061487585,0.18111204951673976,0
158,48.86937367706999,2659,7.403779464802428,0.9052925119023982,0.24380193771017955,0.13705280282815546,0.8365378212593204,0.3665655533975106,0.3919411897884374,0.6887675159591515,0.4694160111473953,3,0.663556919558561,0.8423169878682333,-0.8008227033433222,-0.014942296695164892,87.93938914386712,0.8614071815541813,0.044993463619942164,0
185,55.567271646494916,16063,6.33391038615594,0.6675998364246323,0.6559033130983996,0.8622114233219381,0.7779234401099073,0.33794822094419513,0.4900042507643435,0.6709954611303159,0.49548077128338397,0,0.1513609513919435,-0.6565376741962616,-0.2064981484007966,1.8289652106277376,48.23383144744813,0.19673286642818033,0.0809411343090185,0
107,91.90459051842456,15358,4.172306297125,0.8670335607350619,0.19881406093740295,0.8160923529142614,0.6158736480291578,0.8078346238108409,0.11040949767672625,0.16019641320544276,-0.49533199117354476,1,0.10329346755264313,-0.869460015099345,-0.7927624246700669,3.0011106271823866,39.21964460159907,0.16041770543260925,0.6570457572030177,1
56,49.7121715623175,4010,8.848038634240478,0.7140620882589073,0.3150105071834246,0.9839063638971636,0.6434872553201629,0.3567416947143222,0.41951370933751697,0.007783970268967155,-0.1706037633897437,3,0.5728587516185395,-0.11264360068908119,0.674148891638189,2.662138235673062,96.52894833310869,0.21317852922328318,0.13551060249483893,0
142,76.64046402968972,10590,8.745560715447201,0.26284626473898176,0.22460244007488483,0.9097436867126839,0.9822631293304585,0.801517087091153,0.31650177926262035,0.7529816172961168,-0.8353156738065566,3,0.4015162541846019,0.7012364170545431,0.10060478687191843,3.190818886548467,79.60580916731908,0.6250225476519636,0.49391883416883553,1
92,67.60504021990997,3733,6.564512080735987,0.792451778607608,0.06915356771850123,0.8517903386605417,0.46743155937491554,0.4747372930874083,0.03558214579346264,0.10636816638524371,0.21305173410106737,0,0.4290977834855896,-0.8466552360634201,0.3819102403385448,7.625586478344212,65.37308474266116,0.8109308556284092,0.15264153092617005,1
184,86.36711653626482,15870,4.468362103529551,0.275926753013877,0.8274987416356734,0.05257439781100315,0.5611029503517012,0.9143990724878577,0.13673540272923523,0.0823491439642855,-0.7925396709150117,0,0.9678002467430077,-0.28892926953918296,0.365164339685226,-2.4484813071774516,44.44249330759072,0.33097869378817957,0.17014804820523977,1
75,113.6829739324758,4125,7.773106107992959,0.6752662244557699,0.2545405429216612,0.10441536949811803,0.6954410555226014,0.8692049918546698,0.7640368231674718,0.002701216834163467,0.6718191644119096,2,0.7239226711930654,0.7995496691186523,0.6832124633170089,-0.2592305724669366,37.66384143811207,0.1734619981148129,0.004360503341518607,0
112,93.25720972102503,4171,6.459655500528646,0.7621121646865832,0.4730275033430207,0.5689831943041228,0.9020378116862715,0.9704811522326935,0.018037909504644456,0.43260132595692724,0.6291075740399936,3,0.4117877392077567,-0.7636889001110914,-0.7348611933097307,8.329127356531771,77.25952312003739,0.20919416762862053,0.3208242558583879,1
76,41.494037859075675,10266,5.5122373914469,0.2532220865686842,0.04331527325431195,0.5314792462818209,0.4982053982378367,0.9186334108206222,0.9342532990963611,0.5032639009008144,0.06721020224461904,1,0.01909927984171489,-0.3786629881761068,0.3194562808097683,3.4068730683749546,61.743105370987536,0.619183778517851,0.08979726607286032,1
143,23.118313506128466,16472,6.457090887642783,0.3846357231412254,0.6993394662526431,0.4579632144895355,0.5661727708747659,0.9533305933814431,0.08642463244723742,0.6376640461485906,-0.7176679336059406,0,0.03409569785327027,0.5568412230714077,0.15026810880731478,3.7508480555435817,61.647985344238485,0.2460352262142299,0.39396127534042524,1
103,46.22640442998251,14889,6.6122207270273226,0.93253778580932,0.3305610023062908,0.3967893254145842,0.4394789306771434,0.9011196775593153,0.7992380942034581,0.29606384071258585,-0.9488420336096637,3,0.6848036956458562,0.08642197427760867,-0.9382057548573692,2.1709381692092835,25.896785493779504,0.8772802313513668,0.5977843096175839,1
113,79.50779307002549,5471,6.813558495111696,0.6930515937863171,0.74473672782921,0.4312104848643289,0.823591159630491,0.7853673304303987,0.8986165409434708,0.71042471638678,0.5934173350851448,0,0.8377387595177639,0.6646662812671662,-0.5971541823543949,3.2346195247920857,60.97555814076848,0.10389135441431396,0.36753194792811694,1
69,25.142581348425033,11028,6.206118568276633,0.3970288150484253,0.4124030604678661,0.5692979341347952,0.5429256612853697,0.41918140648780516,0.9411355848504471,0.16933185740694157,0.20028096642685367,2,0.7077026295496838,-0.7768092139024032,-0.4648569172435584,-2.028804041598482,85.81952248315949,0.0323685340055202,0.7050816308353353,1
105,69.63662472012363,7624,7.0287765156952835,0.7525438169184053,0.19575560640562462,0.002076517600081207,0.6332048504025702,0.49019526319786505,0.8674770234959726,0.8319900531103473,0.4218592734957667,3,0.4058877526047254,0.8411083427594455,-0.8548872491416677,3.2030034912719234,95.74394222366072,0.08837824596090393,0.7414517680393581,0
162,79.68428489168892,10691,8.593673553031888,0.6774211359693517,0.5131750822820359,0.2607087741328522,0.6662208682178008,0.44890887629119114,0.2875500394254432,0.5718483288904456,-0.3923857485272648,3,0.031135737930569563,0.8698235890304176,-0.29056038820239705,9.957596918666752,28.534591798538813,0.8456431203863204,0.6966063873608118,1
109,53.424389081696084,15884,5.811340435492956,0.6012605599343588,0.1305045596374398,0.5182797206887111,0.9347883613638734,0.7225100513607439,0.333087131338477,0.5838898233720484,0.018965475687829025,2,0.9674016302352297,-0.6893739597065873,-0.9455949825690486,3.4907135938627647,70.49321685592567,0.651229519665661,0.9367135596314982,1
118,97.09122037458219,10329,7.628582316099745,0.9809495799904671,0.44053915987299475,0.7222160986736462,0.6467981741987421,0.6525339565815209,0.42654569861007596,0.20977541377910813,0.4943483410793008,1,0.9863360621580867,-0.9322490711864999,0.10636698451545912,-4.333963015909545,65.46778006385975,0.9577446331172503,0.23729427699515104,0
185,30.65982531337718,4097,8.47226278412116,0.7467630219260071,0.31730547742048654,0.17415669239539633,0.48713501194914943,0.9069559980108965,0.13929668940710083,0.07410874930038824,-0.0748733833724009,0,0.5493645514442687,0.9796827639111376,-0.5769980788404254,6.946534665259897,91.22499927585135,0.3362965412697576,0.1894564531149766,1
105,27.513778173580874,16082,6.279896378799684,0.5003528877343302,0.9119595841996332,0.546881173787433,0.7145889630040726,0.9668710065493529,0.022272455067223862,0.46472480308067143,0.20276844553746187,2,0.07067096469510559,-0.03549681539515115,-0.4259937889816028,0.9471314308508134,80.09952241478972,0.21267812800969943,0.6097114892418671,0
189,92.81887562036033,7068,6.217279181909521,0.8400587456614945,0.06092872172071995,0.7144596838857817,0.9777747967891778,0.583401922732701,0.8691216142810346,0.615611951922359,0.5794565236159246,3,0.5409725059144669,0.14415080807086267,0.8209432523425682,-2.6948577724765723,97.22094953322505,0.5619752393137492,0.5948770094341834,0
75,69.54913162061985,15930,7.010584926773898,0.9076666343369502,0.694017414105742,0.4446276579139047,0.7646113846304866,0.6544453872965685,0.5541287162104563,0.0950464586616856,-0.5695587094672423,2,0.8923384702208084,0.23180946733315255,0.0056336982470508445,7.93779709340037,96.8026030065597,0.5378282791267486,0.5100983336748071,1
127,88.84023964277361,13888,6.957033797112441,0.3001764476134652,0.1827511659874359,0.02708113367005105,0.9900323322763436,0.9800614497628974,0.6087229421782163,0.9505344745281666,-0.8681422212850354,3,0.6799855101282135,0.5793369255610055,-0.4619721375111683,-2.0304011669754862,38.054807467617664,0.5910239881953218,0.004353191494264497,1
72,63.48273386037462,12077,8.032946711631386,0.3604423822762132,0.31904507433223983,0.4492681584656367,0.904664385363322,0.4933672591362005,0.9269884748177953,0.9804143602328068,0.06364702162161029,2,0.7199892310327243,0.6239759380918357,0.1969235164961325,8.811510847877999,78.02806975203377,0.3475338626603488,0.5552382299059985,0
186,44.64020332391068,8397,6.3824169188914635,0.3729816073022238,0.41551406306206595,0.2964448877441531,0.4215794537280477,0.8546735427511696,0.6651201781136157,0.545456695392492,-0.8757484585598085,1,0.08496983743224928,-0.6121495513604522,-0.5966571302650088,1.6269473566390822,62.44184730919155,0.0058969400367867575,0.932798056872979,0
143,101.91023176741997,17989,8.980614748197205,0.7529694475092323,0.9080150893749742,0.9296496077013283,0.7950397572262251,0.45766793163467234,0.6908535043398134,0.9500691552734062,0.5331145887335065,3,0.10651163703180144,-0.5267265187329468,-0.8512086284716303,6.1418625212455,37.16815961722443,0.03503165294061683,0.3345776891128629,0
114,99.94158789689793,16316,4.297357844336404,0.6824316440426267,0.24257826607382516,0.12461338567832736,0.5720601265347303,0.7770220807976903,0.7869686484367422,0.17944523758085307,0.4384228952675773,2,0.12734877637588526,0.7536660578927441,-0.9581872911994627,3.2049377550778075,35.58952657739206,0.6638264614225129,0.9675991933202505,0
68,89.46964708544267,4757,4.015839242903509,0.6951932517588706,0.09130880254467022,0.6524759555072321,0.7357701133868344,0.47753093934699486,0.11634844985740378,0.025420685179524893,0.7634253429305939,1,0.9043768336609926,0.6390352095011729,0.9030580907525125,-1.1505979412715823,26.48674730130292,0.5232580481554814,0.35675667919769427,1
63,47.21451372299627,5920,7.200991557798119,0.9526186397516008,0.3186896039905236,0.05271976633450115,0.5676071145587359,0.9186133721819707,0.3601621532137915,0.03940953529038993,0.27912419606792116,1,0.5258496362638133,0.2352387631079107,0.44922164828623257,5.066352617438781,83.64362211349513,0.8210112596512735,0.13985450251781784,0
144,79.0230666869087,10186,5.492174561809383,0.8207292262458448,0.10467597053553335,0.4461704378126965,0.6093222499631743,0.6930345606156738,0.9682079277033663,0.5875124794267791,-0.8656048584952525,0,0.7915750963929912,0.9893983182496995,0.5998962965847647,9.368688263352219,45.960382449600765,0.30040985878679693,0.3984034149271385,0
107,56.09738969400268,3900,5.201911943497419,0.30234953960942657,0.1285964859605525,0.5539794872200806,0.9539012270525076,0.4301535486120692,0.9229300781006066,0.06164188343682353,-0.4936957490207652,3,0.11529125988360023,0.4703678871026473,0.9618354563576639,6.544554501871186,88.55750682631732,0.8154722372311751,0.4946113129235441,0
184,29.158207332663416,4610,5.559495400021403,0.4780056659401448,0.5738505979750267,0.29795493131686546,0.5239859109350232,0.45705842298894017,0.8840752963101848,0.9585456068240871,0.6158636891254385,0,0.927642705508595,-0.5683264637395022,0.863257406826879,4.060269948627672,68.66522928185717,0.4254914134515433,0.6294644101765912,1
138,111.73135754622427,8900,5.280237825524772,0.5483149169405885,0.06090193309949332,0.45507563552038444,0.9244654708154982,0.6456944369956701,0.45208851033897246,0.14193321075939858,-0.6657351653728245,1,0.8211420914972102,0.6932881286653565,0.47382639727503184,9.859421623987851,73.89066838707686,0.09669838554633725,0.504878162022334,0
146,33.68186309189614,14178,4.153950248302239,0.516769270998084,0.030930881393566034,0.16355379453018737,0.41827468484229813,0.9731214179024152,0.8571929535868057,0.30472280605297863,0.39696093562977475,0,0.2247641447753561,-0.17053472725971996,0.3879741396386387,-1.020099989859729,43.33389996881573,0.9779115625906942,0.5367186274062181,0
165,115.02373538208025,3449,8.857665211952943,0.7354468873295035,0.7144141014704978,0.30412384946803617,0.45452592302178907,0.8387495147185582,0.048395881945765606,0.8225178019983485,0.5605186618409559,0,0.8741822332939535,-0.9276946789174216,-0.3263000061292467,-4.064877681358289,56.583542351654685,0.5119359291455199,0.024067038357605375,1
62,64.60057729579557,10738,5.103727442263908,0.9135144826052501,0.3616470948410445,0.621106324910203,0.9128050248305581,0.6418167499780916,0.14851742425711745,0.21874032310409308,-0.3397764042895177,2,0.2634427593968093,-0.35715744437665875,-0.7919654964097957,-4.518037008261034,52.98540624664999,0.6294785139623463,0.2536201691339893,1
89,38.513292883861965,17661,7.670148812946532,0.44484117081823044,0.12537534923387328,0.3018000558611551,0.7783336185455172,0.5364034011935519,0.4139676984840541,0.2429684584545706,-0.35540505319418303,0,0.2053398793390565,0.5271024681187706,0.14744509673515194,5.6603181933819755,38.855093113968096,0.6707971864895679,0.310696657939172,0
135,74.1900947378358,7017,7.812981973470876,0.6415017091369486,0.25361277085970824,0.8997430784088717,0.8483416828237302,0.6844879453439099,0.4833920666821264,0.6423089557910182,0.11560536241829378,1,0.26424393681221237,0.9204124143729464,0.1525065901771845,7.453485471012559,86.6009734821434,0.36241225222688067,0.987088537881449,0
104,107.29458358764083,14868,8.646286990036145,0.8315275375308686,0.642086507352399,0.6284069576409897,0.5256506024931126,0.8238525834000336,0.26350715352085685,0.2760860884892623,0.7225726655095275,0,0.9099550632726093,-0.4477271673936123,0.9044745708314881,4.526508062267901,69.76676046452968,0.7475283198621373,0.29556773848703366,0
158,93.22248864095612,15660,4.1527472854669,0.5329744470762795,0.2755365671408512,0.4386490184359845,0.7222500733540621,0.84875001191696,0.35647667084778745,0.21744763400770029,-0.5521875961730389,3,0.9155919855148695,-0.5069673511805699,-0.11485838667658133,8.575398961647975,22.994558196245613,0.8702664653510171,0.8965788488242853,1
186,100.65611478614497,9999,8.36024169223504,0.3344945027194367,0.4945211251204079,0.03875693555418247,0.8423315341427828,0.5272261586678613,0.16277610102536877,0.2541777143056575,0.8825163920848054,2,0.3289957746879688,0.12723317119660016,0.3816152486121367,5.4696407100988065,85.59336155029507,0.3871869764138588,0.30473620054107875,1
56,85.87833667107174,8052,6.6361309041990015,0.5799607722109986,0.12169530672667228,0.49954833520467123,0.7763884822061575,0.8048114877497141,0.4891340317159072,0.4906474993407268,0.19823736964021643,1,0.7054341850945512,0.6233677993248936,0.14994125479344356,0.5643196961353079,28.483020482287316,0.6570008866315482,0.09611033104239108,0
188,89.22765645178525,12195,7.162720549829139,0.2441780165944228,0.588093637605447,0.7647762421250892,0.6830192601347257,0.7604521460253302,0.7938432928678613,0.9660998727314821,0.9842529427045523,0,0.6757452551641833,0.4930513643218932,-0.6464795417979015,-2.281125625551776,52.29571468260474,0.7571238239772095,0.24761739906094438,0
108,104.91956515653193,4096,7.222351385605169,0.9539067632018214,0.31607768384326407,0.26555759801241363,0.9758702718626289,0.9713786043974058,0.6613603936613057,0.8322379415612283,-0.8207725520093547,3,0.8065626321304032,0.1199178051256331,0.1841286155098334,8.869712178387344,65.70055213043022,0.19012589768908128,0.27282838491429795,0
160,44.966800885918595,17252,8.098989024923638,0.2598569641559785,0.6269684345287165,0.8067735696487673,0.8056944000720672,0.9517632033556103,0.10779224736554127,0.28461026456017713,-0.7468757269864819,1,0.29650950014213107,0.262779363228957,0.08023341872564016,-3.4460427500378077,20.61209965289744,0.33259608439596744,0.9782485938889842,1
58,68.94249636431405,17433,5.667036610795552,0.5507653722004626,0.8083948823040229,0.2518067660508815,0.9446504801447427,0.852565527922504,0.4875816033967161,0.36337320849809773,0.6532836074269655,0,0.5101385419104019,-0.515802085347312,-0.012188012181288954,3.144826056196081,72.2326484354349,0.10879584638095485,0.6742915055672372,0
108,42.120944181960226,10895,7.665255949299967,0.6239050088708209,0.6116464193899924,0.8237463879508005,0.8378623069442088,0.8063762821984499,0.6976463827797249,0.4645122505040774,0.7295117912076985,2,0.6676739510082869,-0.13485146999329878,0.0268458672969496,-0.2898811208973253,72.77623516482056,0.6022084642482034,0.931680995620966,0
98,118.7668007996647,8404,6.6428905486109855,0.9882430658298285,0.29574756259502066,0.0852683416116774,0.8412781171586099,0.4918291127929931,0.5298952965539412,0.9789296470169904,-0.10908262325813212,0,0.026256818809906046,-0.48926874695940015,-0.672024056082259,-0.928774887204912,72.20210537061175,0.8009376958208562,0.8349950222048218,1
68,114.40593396866133,12595,7.966970071526738,0.3328174589142886,0.2557437015483004,0.8661837088690295,0.44801096185460765,0.8921756792689732,0.39167559653554895,0.1723904683357157,0.4281423522846699,1,0.37673874533095464,0.7688359496892754,-0.07304453753866436,4.687522778753445,33.07743504850217,0.6108386565849336,0.5785984906780975,0
149,23.942681136850588,17941,8.952730163850667,0.2915452148898869,0.327420958733448,0.4991864509333305,0.6156787731123662,0.5992539925993563,0.6219144212838782,0.35748310349188284,0.735114574891077,1,0.6958883576785689,-0.7748909852689685,0.21130654364319357,-1.5314459391344566,40.458586141883956,0.17978383097704398,0.6753879242455633,1
102,90.55751725156884,11817,5.003255087018806,0.20696491765003489,0.16462051323650484,0.296537589620262,0.9150216440317951,0.4905683797542313,0.9686386653002755,0.729426093982715,-0.9137444235623426,1,0.2525950931191334,0.35948111571274155,-0.021101602628921245,8.745476601135936,39.79006556261922,0.5463684910261374,0.6248371936960315,1
69,112.52483174156659,5331,8.973243207799989,0.32445714949544185,0.18117185085002008,0.26511325041514877,0.5395623172892536,0.5689125305674236,0.09490790976607799,0.9639437342689433,0.1479008459865172,3,0.9577041070064872,-0.4794336056699531,-0.02262760974770539,1.0906586364868618,96.80535865437096,0.8349341485264097,0.6662630261917867,0
94,38.057534512733355,14925,4.44906077141387,0.3658183832541341,0.7906911019001679,0.43201055893036266,0.46930351969387973,0.8851548430115554,0.3900160607475607,0.15567521276423768,0.7069613330529791,0,0.030161371506838952,-0.04884518056306719,-0.8449645804140284,5.160630200945183,25.402254978070182,0.3027247960782191,0.26477366462727625,1
136,76.79452305526294,17078,4.011587739524069,0.7044647532664738,0.38473257650744497,0.999049498103645,0.595663633983276,0.4040432509045195,0.40660585304609564,0.22737995419434576,-0.20369011083045008,0,0.9580871875874228,-0.4011744395067345,-0.6184516959665607,5.916335759928769,54.300920616280315,0.8326515022526404,0.40812513420793706,1
165,111.54882975880419,9462,4.220809680889157,0.3757654323131203,0.43599518057058584,0.22032739343758256,0.5322627309355684,0.6193111187838757,0.576967310468371,0.22569467439043023,-0.39523278777514625,0,0.21676386801040004,-0.35350936588105664,-0.35805461444899866,5.244125419379953,89.70031246561553,0.784623283769988,0.5926158115981464,0
107,23.394597858579885,7105,5.7089120236838085,0.21641665178346017,0.5940494655668112,0.10321664887899962,0.9551729168758931,0.6446503161706427,0.1521746018819179,0.02093202949207351,0.5914133701896751,2,0.048822041925369986,-0.4792139727779561,-0.16130601214818685,8.55100361339535,81.55727955581727,0.02174080783667487,0.03592846505585712,1
78,89.742026724684,4978,7.164531653392171,0.8612946764019911,0.5896534951515476,0.5850351687186619,0.9207799852012787,0.3256407883191736,0.17664302987046954,0.6041156249809495,-0.3284268329943276,3,0.2924740332235575,0.5055858423908772,0.1878748877172085,-1.5330370459100284,85.79536997191414,0.23945481408550195,0.4828349014016934,1
178,49.734900737255074,14928,4.345147704439248,0.4924765608031734,0.06737687152192573,0.4885424664402571,0.6998099381697425,0.4370222206837157,0.28536138599785466,0.6707030741458938,-0.9936514036309936,3,0.7862823072902253,-0.2685682856419058,0.7266902090461214,-3.7091818297084824,97.78348672978665,0.5429424057977258,0.8597269333978532,0
95,112.43961953765304,4839,4.0283290726478365,0.48295734926458717,0.8315407863376656,0.5241962710633074,0.4368063246903208,0.8787197000030995,0.9558700432685195,0.6025258901252534,0.9191451752581314,2,0.7524420064480531,0.45271403542816535,-0.6816705238226921,-4.1680145410242595,50.98094498185511,0.7176173700192593,0.4923677275853299,0
69,117.10582451653677,5384,8.685455142293975,0.44198322333434126,0.17732655322393942,0.6669354175572171,0.8287374076558938,0.8815371720163323,0.7341085812309026,0.07132298941281434,0.18424647270203698,3,0.20884041642279205,-0.08786013979197449,-0.9698239395786101,8.167662257125373,44.77242195043689,0.8805305256528292,0.5523233686554994,0
99,114.42664891134339,12851,8.10963317969965,0.9802986217171368,0.7230716360496688,0.2671440698706493,0.7740470388017588,0.5046905587189736,0.6616933016915032,0.0692301257456317,0.6390358374201424,2,0.19679013359179942,0.09449208420057453,-0.10152573844816848,9.599305749087732,22.452759212015785,0.6410423182678943,0.20190512051519083,0
119,67.42142166574638,12053,8.045915855695156,0.3360923338474252,0.7726709881281666,0.9106649953838885,0.9823328024370975,0.9124280642185483,0.8169576873942622,0.21038655449412402,0.6506031246854291,1,0.6425799158045408,0.08657495142697469,-0.1357942051767438,-0.4621018819293097,32.001548943188965,0.3803441712495391,0.7943433439854379,0
143,106.20426509893134,13048,8.422121377509885,0.9185904511625882,0.7148995340913137,0.43567206612229037,0.7353719441622262,0.8402480573478435,0.12757646891669294,0.2902945156989146,-0.8671791592545344,1,0.4580826896757305,0.9517041586871775,0.10380243699034475,5.402708853624539,64.96117236344193,0.18462720673731536,0.35887828803752886,1
125,104.45493985350704,15493,7.500171363860522,0.8214426657119105,0.5789776465541452,0.12908619514246178,0.6018362340417457,0.5925352386567866,0.8593328197237516,0.7865436559100474,-0.6582796012270704,3,0.7922899533309022,-0.2658750885780976,0.6664435427430011,-4.866308237423766,32.6128476042672,0.7600358554624315,0.9565875534795444,1
63,51.91004732432556,2685,4.5220206487404075,0.26118396439945046,0.01460899710888286,0.7422987567339443,0.7114130161471335,0.8238844410835264,0.594832713887504,0.15939026574892112,-0.37775863848070523,1,0.02413277869255359,-0.5846318092048048,0.6047211019649559,-2.1705273482601832,78.90440127847285,0.20678155932412012,0.9937148082595793,1
142,102.89154741506773,16139,5.995500940368615,0.9893832812006791,0.3603754923631707,0.6431043526178503,0.9875579748427098,0.9729342418363642,0.33532900745893546,0.044092216397532136,-0.35860142991735433,1,0.6104118607605711,0.8235838807332043,-0.7999134311399776,5.339115736924217,22.978608393275,0.6954305214682498,0.916000542595843,1
183,23.700763471549262,9531,7.615747432323148,0.41709277083120844,0.6048394293625812,0.3157434024840371,0.8178174595198183,0.6212788026457441,0.8158552557456904,0.39398750771305513,0.31757223536182577,1,0.7306720122398759,-0.6503214213688535,0.8679907333533474,-4.011692910271508,40.75904185903055,0.1812116173712074,0.08487674481614393,1
117,79.6269878482053,6283,5.4016723039576044,0.2788663416179299,0.3874512959225387,0.6215187240340485,0.8031856827562307,0.46689902526743854,0.8025645343486241,0.4163921701419203,0.24626584150536956,0,0.993386112028669,0.6688456916886893,-0.7791712106511106,2.0276507487973667,75.63624987107909,0.09105385030946445,0.33318315549602684,0
135,43.000883728770305,9736,7.437031820681188,0.8634513873006076,0.8634798949128131,0.21986195636897687,0.5444089538355312,0.959271550035109,0.8457085817167271,0.45090733818895423,-0.010820443980372518,1,0.6787816942368469,-0.6995702090661484,0.26914101706847227,4.938748965609234,40.4402259391251,0.2511002237065345,0.9451376351025174,0
87,32.05668857772788,9710,4.122492241338262,0.76534042694216,0.30880227534961535,0.44483935934052954,0.8461615105363707,0.7226210019942795,0.11551790010698215,0.8269035440269685,-0.5774725353824641,0,0.2318451565499663,0.31744866845481257,0.3448125871911514,6.489372569582761,78.30083713795713,0.28492980552511427,0.8045332948444376,0
177,27.695320162920915,3619,5.530686704397966,0.6937750447023207,0.29353479245866043,0.8994125221673253,0.850163097683063,0.37368561373629766,0.969361244995776,0.09800541487094172,-0.23603306061939322,2,0.10818619488003878,-0.6989183734709279,0.3597549744461763,1.807238705865557,99.66911003445615,0.64720913449491,0.9111835893074296,0
59,89.62887758781397,15975,6.745651681385864,0.3247846909591465,0.26599769309265797,0.13353423316074942,0.5903733902655433,0.7008779710996826,0.9596261537897312,0.7039420824219621,0.087187936930339,2,0.6409167746440754,0.8461716384788589,-0.4692976566492182,4.454260592445145,83.76671643592829,0.1608833677420589,0.5725531936410988,1
95,53.98749637680661,15272,7.160449147531211,0.5827968930047696,0.3327808689607955,0.386696449987462,0.690228299434428,0.650406622613809,0.35746964550174154,0.33794557104529077,-0.06402926779211615,2,0.523183067518216,0.1300165653056624,-0.3393098164700161,3.0936344434309184,47.3468367008802,0.9303069129868882,0.4803975881875302,0
82,92.47667715287615,14835,6.885203322309554,0.824444821509771,0.5574049643141872,0.8211424247203473,0.5767619997642737,0.8989122258528943,0.06589401821191965,0.30998013643546996,-0.7454149338098432,2,0.8991452884450164,-0.34145232171982487,0.09735375029879378,-4.215413418750184,92.0473520502609,0.5543616863422735,0.10649631700445106,0
189,26.535634079894237,8868,7.488781380367147,0.4428991505150722,0.7070152942725908,0.9694908994061782,0.5552230421945721,0.6714866328344649,0.1670556694687857,0.9325431260859799,0.2990209870038476,2,0.726608021181275,-0.7193544500728102,-0.6008250083998032,6.142070308897697,24.094378853456753,0.49093173081646546,0.8394715423230991,1
126,51.52903378306104,17261,4.030443741199195,0.4493518628120332,0.6625679177387851,0.4539261364217959,0.41553764214969113,0.4786627040409984,0.992830825444697,0.24846852441674205,-0.8538964463786789,1,0.5097424500426206,-0.2576155277080121,-0.9593790643332976,-2.4145712617193755,78.00054595578497,0.4346945143083677,0.7451415484204785,1
66,73.94912923753373,3431,4.504705999887608,0.2025127248384977,0.8077178199814796,0.5069996201433474,0.5711270467919993,0.7729508447054219,0.5630129431716631,0.6425318353393663,-0.24361063383783943,1,0.4035894707651476,0.4100400697376234,0.12428890901715128,-4.52291703149238,21.865786525014002,0.566601346950191,0.0588766030154122,0
87,99.07231648389636,11067,8.344721261395726,0.33939472131630366,0.8859139954974249,0.5721719617837697,0.7323819699269649,0.6798028167749061,0.35662179882605205,0.2751277573760921,0.42005869535045814,1,0.4043746995708203,-0.2300982321429057,-0.06944285597598543,1.7675187443255842,33.9644396285572,0.022446967161782294,0.20941458959528536,1
102,51.87525029320699,6713,7.408743220450806,0.9003245000974676,0.8160790423433513,0.9323481416337108,0.40096071252941734,0.4631312397868107,0.2882026938500388,0.5071438826403851,-0.959952930960587,2,0.22630428615123455,-0.5078117278091119,0.3134624124469241,7.984563809222655,99.00685932308596,0.9900863745790824,0.5572775633150104,1
116,82.58913764370091,12653,4.564658213430056,0.5533971933101657,0.018945403374354575,0.8582067909770298,0.5699314502858005,0.7015395005600354,0.25699173531094754,0.7862928925962779,0.13996563809063223,2,0.017325971755697056,0.15481889658763448,-0.7065988483326802,-2.7375584350845705,48.87079299954456,0.557524376194266,0.6844024020646386,0
91,108.5977748236187,11557,8.210372186992895,0.9873875993875472,0.7359179535519887,0.17060112462164434,0.9288461993939501,0.8750749045227801,0.6641527650544821,0.8817225235162606,-0.3309580517134054,0,0.5749105882071062,-0.16435629432576082,0.6818497891797028,-4.807136988245375,85.6399502531391,0.03519500214017779,0.13767026426100648,1
153,81.58631881823047,11435,5.211156089122834,0.516566370859034,0.2083995736183316,0.436757817847075,0.7561891510644165,0.3199996424068073,0.41938783151968595,0.8386972402950503,-0.9823363131545311,3,0.2124147325232152,-0.6683875279394154,-0.7075570230789454,-3.350311463518743,50.08693702684816,0.5899776046995998,0.24482481846232385,0
158,43.29594747536338,6998,6.391299420976117,0.7721491638241931,0.13292804270798264,0.4640004281964263,0.7647176944485883,0.7415957270515782,0.9654106993686116,0.5821807361446398,-0.6192334578780563,1,0.20832691772804146,-0.6920240194450864,0.782687209760047,0.4548867149741005,87.20227606382525,0.4370787582896788,0.193110211709014,1
89,22.4400781556538,2162,4.725982564423301,0.4255352343237833,0.6384887847991355,0.7890961116487567,0.6420185830158119,0.5447096370490744,0.6838430306453614,0.24881631533822213,0.8818923865413089,3,0.1253812286764805,0.4149239804437095,-0.10095765480859398,3.7025780498695564,97.23516481014194,0.02403769666640887,0.2199971526705422,1
155,107.00988739009298,3974,7.550550282108533,0.49104771291274685,0.3197431954076949,0.6028928826054353,0.8058832860954466,0.5048700120315969,0.7920445910489612,0.6612333832618658,0.04229781101018082,2,0.18959549017669275,0.9493437910325129,0.09961051874538951,-2.1048179902116115,54.84289947353332,0.924428752157473,0.9207131235687668,1
185,22.126941085038712,5291,7.334272105071339,0.35258079007271576,0.05711716337044326,0.654220462029013,0.5139596597382154,0.5748114252527778,0.2927415485831599,0.709905045779608,0.9944544092582634,2,0.031789149555137675,-0.5338118582758873,0.7931626719279774,7.029460075338559,64.74793534786235,0.01056687207381335,0.7158195730387541,1
55,107.47016726841994,10461,5.055562355830681,0.47764989479951603,0.13762973439836135,0.9981999076656176,0.891248086230515,0.5394158649735872,0.07918640910862584,0.010691990113501415,0.04963350072948236,2,0.674231449748532,0.5462972016629799,-0.400173903045866,6.299456808236229,70.29115919708542,0.5778716768778214,0.7371069804033034,0
59,72.8937134027212,2631,8.317003834285009,0.6377900163365144,0.0009294168699610639,0.07496004347001306,0.4700134719615399,0.8825673746959091,0.48782283738188104,0.4392105109318746,0.08787282458053647,3,0.40139711631269426,-0.8247865950990696,-0.636346007517697,5.437954248980489,94.78678417401883,0.961790747626224,0.7939953108692825,1
157,113.90676985128962,2905,6.006530121098561,0.9934183047833995,0.9032236273447073,0.223009823533733,0.7936008127918656,0.4923584675375304,0.3145815465462273,0.8432620428217643,-0.2163139741342952,0,0.5615245987731451,-0.23684816189563662,-0.10849675836109274,2.3120471247331595,40.53952699476463,0.237604496983026,0.35657304264406,0
81,99.87832357736654,13663,5.46257545535371,0.7313613704574287,0.02461798384123859,0.40789593737154684,0.6046895954918099,0.8132071161746097,0.20208316500792367,0.4895875962430474,-0.3799191625371714,2,0.6369576180207995,0.013376305616513928,-0.5112655429445865,0.4782543270097799,68.89994982669813,0.25417907424359665,0.7671846143991405,0
69,119.79341105333374,13445,4.761647947322677,0.3593967635266513,0.20945576950951106,0.3477824030488872,0.8485077823494861,0.36584187416001207,0.9526421308008614,0.31137544216332114,-0.4969088937341104,0,0.9724845622761592,-0.46250610942046344,0.055687823080634136,0.6337993144721619,45.977618257851404,0.0004231285601523638,0.9784133943229371,1
144,55.071181545171015,4014,5.330840062577687,0.23596915327324092,0.41626278068790734,0.02164556134698359,0.729858730759612,0.9659774607390907,0.4439882143420303,0.8717977710246627,-0.31315876773865226,0,0.06826586585550098,0.05915683302850083,-0.44948427111136713,2.5460580243359994,37.354654414593554,0.0663511719879809,0.698394245940942,1
96,96.71882889311269,11833,4.110134606119085,0.30108518505160853,0.3565713259508191,0.09177760647117583,0.6714118230872297,0.7356216460739862,0.17470859204878564,0.1558806975298057,-0.08029783819913572,1,0.417917684831438,0.7652288553277089,0.7289790711909139,-3.840279696760182,26.793627121857135,0.044888411577088116,0.4167531122925391,0
178,60.193091360924214,9896,6.916287462280578,0.650044161018438,0.9117258769127757,0.6809532914035762,0.5016534412559482,0.794703003931192,0.19865065268113913,0.20644523241620039,-0.6160160995384198,3,0.24589793352648104,0.8888759247099869,0.2146491845154519,5.234581943005917,69.65686909887592,0.8226562836884255,0.7163597857109747,1
117,67.98756203039088,2204,8.21115373171974,0.812128263053413,0.040288945734542114,0.8793244633625606,0.7820928785706117,0.5086275324661157,0.280709742464594,0.6873723669361333,-0.5502498163886083,2,0.47671193185681415,-0.7988860912539011,-0.9995186605141955,0.27261316013953074,90.56683830972547,0.836737569944919,0.9007947002628693,1
150,82.750546321837,2581,6.744902247208209,0.9523353658405975,0.5122147076770516,0.5142270112659776,0.9848619060522479,0.5884675980956802,0.9993162681897128,0.352435941526575,-0.45691046266312174,0,0.9204723006138882,-0.45630813203159537,0.6109474693596495,-1.6286183309196711,48.111431107561,0.7267000841845227,0.1287615436759736,0
106,107.36771141863387,7675,5.096369809619379,0.21265853759745668,0.680479462524374,0.539191079513633,0.895362054944209,0.4566448703896834,0.2680115005195973,0.7130168357337789,-0.1014802161383217,3,0.7239842652481513,0.9582678350354499,-0.33957532654770817,-0.8250939425204162,64.21348289543818,0.3527450125170921,0.2652946755847214,1
150,118.40834691992951,11032,4.168345891069364,0.6182081132494959,0.9316979736811688,0.2550934328323794,0.4360049155534071,0.9527752600615567,0.32880180457845365,0.1577036212594919,0.30562673362848614,3,0.6619495864798933,-0.45916317919551264,-0.3595840316900858,-2.2955857207067325,71.37070362352927,0.8212544498888422,0.9192962153289053,0
186,96.82734138645182,16124,5.073140366294014,0.5766938849785415,0.620371252123721,0.7678763636337114,0.6257376270167146,0.6416731129709643,0.6593281279840014,0.25226908960084593,0.7122923005725745,2,0.4412458764311774,0.3854147022868821,-0.2338743757310653,8.523521282916828,53.172014223616316,0.539774520242882,0.9462329004445271,1
83,61.77667821673337,7347,6.080607140355461,0.7248440175805633,0.8037552360117627,0.7517945873672564,0.955349805514163,0.7413136809605929,0.2939613764102983,0.15664737836363352,-0.4257363256257134,1,0.6711124983744359,-0.4930926122592707,0.26052505616816135,-2.4644372545617346,92.26782802928466,0.30431027647992326,0.48413912711794505,1
90,62.13570022770702,11911,7.7980571434989825,0.6476630835722736,0.0837249378453484,0.5883656892176566,0.7018262485342128,0.8139904213715008,0.21580425105969336,0.9529103135635096,-0.6325433193171253,1,0.03237537727440809,-0.28726881335792354,-0.11587857921155398,8.243891783422939,49.02041289609413,0.4372767691143904,0.3745509634032975,1
67,93.75823015888915,15930,4.93921426268887,0.7496313204659846,0.38593951093692735,0.21266428651134284,0.7972670954849075,0.5597742637696772,0.1586371866495987,0.4054039608509241,-0.24230507029889004,0,0.5862386720298944,-0.6174420242062051,0.2572710931394049,3.5836509395267697,30.000865607187492,0.06576776983457566,0.28278180560302923,1
125,43.87771457683023,4643,7.59895726677343,0.7264660677993524,0.37394713447906747,0.09701821823708945,0.9475596073548342,0.8040711581773987,0.3126826650277922,0.337219909910226,0.7887661527437115,1,0.5537765625992482,0.7126003873942903,-0.7064385567284153,8.011764330832904,31.521628644135966,0.9449086867499137,0.4987515410909684,1
140,31.047411313139467,10017,8.334667341759419,0.293609379886357,0.8862882164557176,0.06423857585712589,0.9242768142519284,0.7731947428294381,0.10591568962877351,0.014202156170764701,-0.9802785433257211,1,0.34664043196319283,0.7652975276390079,0.9403289290481716,2.110963253582682,91.26860916061702,0.6191164173518401,0.9345311515910517,1
82,55.462215764077655,4297,6.269734240541785,0.8397743308949757,0.15137117126327493,0.5926960666428778,0.7010922253243066,0.7939615337117625,0.018646586414782895,0.1534175794108874,0.3557372321154908,1,0.2015141254241084,-0.4061749841691369,0.45921257416772776,8.914505792216104,99.04064342783678,0.7312341449305728,0.14980962742445547,0
120,48.72389916540817,2874,8.107159958212966,0.2985860605730599,0.15188617233663027,0.8250353191428,0.6625877815945613,0.6424609301432289,0.8046416973346773,0.4211358562424995,-0.04567990717683701,3,0.807555550999301,0.64717964834126,-0.49958578564323397,-1.8276388458747475,43.115028045737354,0.6765833704198766,0.41983063854722025,0
99,49.63081204559901,7560,6.773286740175478,0.7588245001673097,0.32855814988579846,0.8583304317809248,0.6038155710877523,0.568056167604132,0.13789494241457656,0.06850279257189407,-0.6779075700786399,2,0.05386211445509648,-0.2835166999260319,0.44833981614955176,3.3203762927091187,31.488218052376915,0.6677499845209807,0.9116078569574889,1
116,43.36077510499099,17892,7.185454185404525,0.5329162941124854,0.05446604736683758,0.4636220743434498,0.8314116658977346,0.4554575317462929,0.7759768498152423,0.5107393295062169,-0.35795694745106665,3,0.06967286442358778,-0.8019611542096834,0.15005091252327873,-3.112419642294963,58.57698254049676,0.01726098549724009,0.3491192701442519,1
188,24.20931896363619,16531,6.6313923016910135,0.6110805876612784,0.18245804065249005,0.7842712993067169,0.572192079682926,0.8772384469606249,0.7975424789866598,0.4550154384644478,-0.5500999122459322,3,0.44052174398414656,0.5161527945841469,-0.7816220071929707,1.708304278035465,76.76224508612783,0.5253712797848467,0.7680814070435371,0
82,21.787393473341382,2689,6.315863583756709,0.9226384115005686,0.9652096385457352,0.9468801963410236,0.5499325638585401,0.725845032572175,0.5379195263292431,0.767168140344352,0.7556643357802446,2,0.25255454740860506,0.19289249779768936,-0.6436071464237478,3.5485554497026364,68.99223264823776,0.8217102286255341,0.389259786241102,0
82,118.77223897360315,6000,5.173267208879247,0.9119069811787892,0.42818393986717285,0.275170112488068,0.6137499367622681,0.6110465372682465,0.3096819583129514,0.6598027014003166,-0.03625323211001952,3,0.7454524135070204,-0.45123511265849925,-0.9173837161570704,4.085128332597581,96.08865456660901,0.04451885141159995,0.8049266783230417,0
162,62.77731337358623,16298,5.5159702973052305,0.8542850445240238,0.6320192084224364,0.39796034638075717,0.5063290341272753,0.960797134697428,0.14503273374988845,0.4459473053205738,0.12618855574498555,0,0.634190076921191,-0.4940005189763059,0.6184761433493622,0.48293195360918695,85.42223071773024,0.9561656838882706,0.9810023499572086,1
98,58.432664715968166,17878,5.449850594718045,0.6081187043650587,0.7261112593446369,0.9314789925966807,0.8170718895674605,0.3334871687549271,0.7368051067209991,0.22466070010507144,0.18737523867404127,0,0.7725347961266315,0.9512467409646426,0.10340950519046999,-3.8549653675032074,89.51777320512016,0.42415968300598916,0.3878220105752783,1
138,87.96472826930699,13333,6.816444654769073,0.7889918481070666,0.3669614070072005,0.33823096731728486,0.7697443895983673,0.8951203616435333,0.601386985981786,0.7268635660178063,0.2792342492047122,3,0.3246789563378011,0.7250020817861826,-0.3665027026995762,4.829891070739789,63.33337270792562,0.2898954920513712,0.8450986545742005,1
84,41.825388786506416,16974,4.59976846511945,0.6103176444150475,0.14722707441051697,0.9138762903217963,0.6897271204695061,0.9983078150621807,0.6554534564935641,0.7078621034542042,-0.008888619248140106,1,0.7405189396178674,0.6195966587475294,-0.7473101959435999,2.326477906799167,46.182015466516006,0.5318213616419428,0.9884168248403008,0
129,114.99611839502253,11614,8.583958453511675,0.895684865979822,0.20658101622178082,0.9810448622544657,0.6341954675569328,0.920859477618007,0.00866908984513104,0.15329616051538741,-0.9642529383273684,3,0.8623032360263989,-0.7439645827166688,-0.03190824807924164,-2.9468170004411465,76.13888083684633,0.8012141878430362,0.9838301430112543,0
182,98.6345014415552,16289,7.603275726415566,0.5222206665863199,0.31326647658061035,0.6618107285744247,0.9454375257380389,0.8673056099309375,0.9275170157078245,0.9147518314254027,-0.3305546261706962,1,0.3452744944185717,0.510374548496521,0.050522693435877564,9.038139541091494,55.12424319611161,0.4747550617686376,0.433771081533308,1
146,28.941100231225953,2671,6.0072281545659685,0.9761882755319016,0.6360684203522257,0.8168902895041683,0.4174742709934632,0.5620141953844272,0.06629018744655024,0.06440511601504317,-0.6322535185580176,3,0.33989582116183337,-0.5709195575934269,0.40389700196101064,9.335029932751649,43.02033924498596,0.6451056765863918,0.48576112054915,0
183,61.75807757849284,9927,4.7931207226318895,0.945858206583102,0.3982805490890544,0.7495455642210852,0.8614646461043796,0.46191992758360545,0.36680588514000567,0.0550377088927162,0.36028568582335385,0,0.8999514039064263,0.9547778864164815,0.9398744208941829,7.849094197470535,32.1816548537838,0.49991438786685993,0.303401561643002,1
175,107.91183075621647,17562,8.40996084860818,0.7932820955614284,0.006814697900128119,0.6995342576155238,0.9411457430493333,0.8143953643497208,0.40271164965170025,0.187350417662427,-0.8865906972599067,1,0.04979025318770913,-0.8958216240754846,-0.13010893918525057,7.658024507763962,62.22993663116499,0.6312722566411592,0.31401876372236504,1
81,114.47320222914102,3171,8.118890450505827,0.42353270734085763,0.5234071850674719,0.30693107298123257,0.6678127476579556,0.5132027564019979,0.0013555244979488457,0.9094607980487712,0.12760678222328847,0,0.35018940573084434,-0.29572303287951285,-0.18793158681126143,-3.519930861979158,67.5402853759935,0.13803091519663657,0.4924706226322353,0
175,66.74015112498697,7591,7.608607763585896,0.30532287103460676,0.9215133919074179,0.057094337907943715,0.7304142948823881,0.42322777750847945,0.4970893093507971,0.5199981240369218,-0.5787365554513981,3,0.11867249207180408,-0.1427043184425696,-0.26013999081975503,9.901301643738517,65.502854612334,0.038663386178099945,0.20051859006430872,1
170,81.34113892107078,13918,5.357735237056212,0.8837627600745581,0.812077611008679,0.3430517325196506,0.9666782127292227,0.8505681209725138,0.7528089945110099,0.7879409206729001,0.8976916769341223,2,0.028980590249976235,0.6484058231245089,0.6538478179337222,1.005710197955974,29.32386907468432,0.13690140569739273,0.7111232961549275,0
57,36.70339460920752,11135,6.012233187168345,0.332241828910369,0.8252113712596311,0.6669359852039066,0.5273665091713087,0.5187805565657055,0.8232686531147722,0.2278431880765006,-0.32891811562692896,1,0.11286941764682212,0.5324456360080922,-0.6873655572015243,-2.553183261993297,65.59898556309946,0.28583814466392876,0.5363085347542523,0
157,119.11686261369765,8342,4.5137412622621165,0.8834086311978686,0.7950580176061312,0.10252919822780138,0.7120809086708109,0.9401092106411368,0.8793969933058844,0.49022197465374084,-0.34955761725073153,1,0.43124579118027695,-0.2500157101068208,-0.31237419272982114,7.181525923258317,33.47312854441128,0.2533560624481068,0.8980678571732823,1
116,43.16717013834434,3449,4.945197623637658,0.5926120053698885,0.32373082561042366,0.011917982978242092,0.6848326762769277,0.8884428513733875,0.4877188683153695,0.35828946362388225,0.8467693359814474,3,0.6869560692277907,0.13112058691608164,0.4499416097507818,-1.6140384730541326,73.09713323611751,0.6151753496606469,0.810582433810541,1
105,114.27317741351257,13929,7.915083186583664,0.5252454270464835,0.765193833754392,0.13969237260293865,0.555035588722222,0.8933482306564786,0.6306361905296505,0.8278286070661927,-0.16530415939171728,3,0.28928242444196295,0.6711903272154607,-0.968610129315107,2.8926298100438723,54.35071973324267,0.45588942413424094,0.3224711128461346,0
113,84.96466489923685,4539,7.5751935942534185,0.9225526230675434,0.143161357811193,0.7157359264107953,0.8911559382238647,0.8400988082390783,0.07951971329649876,0.022604439359226625,0.9257246683714844,1,0.8496753074011247,-0.9636008156978946,-0.42123855278861067,-3.0797590219484547,87.90308701913244,0.03881198102684702,0.5058046230176674,1
172,80.77367948788591,5959,6.967428814879673,0.6830807860322223,0.6577161472759535,0.972793701656444,0.9397603568579415,0.9166169966423157,0.4880382242817499,0.24384272996610534,-0.951659295732993,2,0.43761562873835,0.6043561990489443,0.2828943255094196,2.1196858491383272,82.2612595835023,0.034865906317025575,0.7505149276387741,0
150,71.26885110165085,15183,8.478633629630863,0.6612912057037743,0.6415685666849944,0.9830646996148205,0.8691595478729253,0.8640228245246839,0.15481575487173527,0.15257422430237877,-0.3873108495957074,3,0.9682280509617436,0.8937920506840842,-0.6280958039983906,3.372122401044134,77.9505641213307,0.09058800212066576,0.19320012747839166,1
167,43.066981171775865,8285,6.916332589065227,0.6470127556995182,0.02556979908973467,0.4939791491401879,0.517215376509165,0.7217579545023101,0.36964311762252144,0.8591890387215694,0.3323859205328623,3,0.9541556694437,-0.9358709570316577,-0.3945788617514576,1.6888593992701404,76.05896794674419,0.353081157400866,0.03159772981758335,0
116,37.65280320055083,7432,6.334839999818054,0.49693561281562515,0.7879701335909316,0.8693523009923474,0.45204918130082894,0.5070759030073042,0.3293053128645993,0.4675438496937657,0.781713929055277,3,0.7732762226668151,-0.9088380258436348,-0.0279098510335416,-3.9576976287102053,64.83904315824816,0.00618295096372945,0.8523045263082838,0
106,42.048620907017536,6260,5.701853731528813,0.8285144828233018,0.9032481050951305,0.7368264557515041,0.7632666911832053,0.9217464352499043,0.4235405772415082,0.4042200438932162,-0.48718881398343217,2,0.9324054961466182,-0.31097198886795985,-0.1559528680606257,2.2740854587414496,24.889086090267547,0.4939872654301404,0.13755025749294825,1
66,38.64382621442545,4361,8.702242528680863,0.4022387552126184,0.26741527847210766,0.5010402369846034,0.43425685630593036,0.8884225359412343,0.5716366179741326,0.44948276210107985,0.8609551839273364,1,0.7070960761611116,-0.8244608724646509,-0.7879456200892423,2.034142651612237,72.43916988264007,0.3606696643093027,0.8894114309537064,1
93,97.95844735667534,8164,4.413577307621767,0.9511159680330201,0.8123907241861509,0.5727605329550868,0.8036955331348505,0.6310155255473815,0.9028766470629959,0.9719245507023352,0.18824293299837636,0,0.8955831899911814,-0.04144783941222352,0.8764706445112651,-1.0756958406398924,57.35377420509722,0.5554413024408263,0.9136080238811446,0
184,55.01252591667301,15393,8.654436860304042,0.9151881640375688,0.0824059718619482,0.13722714661687108,0.7182545321963456,0.3273550802013686,0.39448463134750533,0.8502673943359241,0.6020164863958319,3,0.2364737173663065,0.4574213701795573,-0.9114145588358145,8.824023994861548,57.56437711948264,0.7208252280828008,0.4607004381371572,0
185,25.784267656339637,13844,8.133573299655092,0.46998426053991854,0.599967858261066,0.9376614606165921,0.7976714396461981,0.7469806091813394,0.9811311957115507,0.7063687718503076,-0.20558539138620557,2,0.34542020017679864,0.13379847006363543,0.4994855128456359,1.2668849904738417,50.32177563730158,0.2509728154798544,0.8067817123525782,0
167,116.91026301408114,17490,4.649649622678506,0.7835710158653311,0.48564686533427714,0.3519297707317768,0.7541024641898464,0.3354177975736072,0.7590280480512028,0.2904789592232546,-0.5756392348662533,1,0.7529300660048616,-0.6071361818545193,-0.8571544578176851,7.961736942945777,94.32567318733685,0.1570836476289097,0.36319124635413835,0
155,108.37858849634257,5670,6.824921788376268,0.6585785555596733,0.545923533309,0.4461492564571695,0.6536215417163036,0.9483959732938849,0.5114810467883832,0.16517299951844777,0.8224708308953863,1,0.4245612382065571,0.3096226000607154,-0.06540839394984133,-3.3550425554983714,39.95610135619459,0.27805355596338754,0.8582645485117468,1
167,112.77522831952129,3753,8.332739908745435,0.4701194415993877,0.9262052018843451,0.6716602309978987,0.5205263080841369,0.9731418796377149,0.6440264371119441,0.9214336290244534,0.8662717368124373,2,0.8373274338245179,0.3697089583578317,-0.6491774166891779,-0.21684073690727868,45.327556272782374,0.0017631819519055014,0.8246818841667168,1
135,119.49078226464353,10100,6.859045818035769,0.9908173183963573,0.8713152472468535,0.33390247152655395,0.5834212814862931,0.4326431021297229,0.10222417113194449,0.42307552279648286,-0.004849711691728986,3,0.8776388715877751,0.8648919113700293,-0.7178044071421494,-2.3550371934793994,97.04326261884981,0.12001295552578073,0.0785183897012024,1
167,37.389524921948734,17319,8.53599910780311,0.22018987667861137,0.785083657239757,0.25425916098893053,0.7147003445313859,0.7734725646384369,0.8445215313136548,0.27875579946862916,-0.987009968001487,0,0.29972948472092487,-0.7064062052459019,-0.7482040469165498,1.1261618177228874,84.81229882213584,0.7508303636863344,0.5826017407523671,0
56,59.62420189026587,12544,8.714919084080211,0.40211682449702935,0.273698457678371,0.6310493932702206,0.7911208561885635,0.3645883031939339,0.5823574550639659,0.47092082641763544,-0.7804340926591911,3,0.8234508081895735,0.38467232981944677,-0.09442672660931528,-3.325449692436821,21.126912973029597,0.22280684240028514,0.6399989035967482,1
184,95.82384757040913,3938,6.111922610921529,0.6160592488889203,0.9118186286860916,0.02498408228184945,0.8676898101307171,0.8106618500011855,0.9860674802096018,0.9178474228203521,0.1460559204634435,1,0.15426427106515006,0.822854437706295,0.0309698187745846,1.6155220876843073,92.48860798894991,0.9942996338040386,0.0008572906882160503,0
108,89.60206180537922,10562,5.886568307031618,0.6175624027828511,0.09750769246387525,0.7207251120266789,0.8603024310694365,0.5431013663068722,0.6364287437528491,0.3870673133912932,-0.9524465953962276,0,0.33419671153684904,0.003128306641268397,-0.7332310129143202,0.3080611517235452,38.13178390664562,0.16783152136480917,0.9799183187292954,0
141,35.389590633985506,7976,8.681605769845785,0.6711464599564514,0.8533292165587878,0.5140233698765098,0.9836132459566512,0.7767350782113116,0.8341115832663251,0.5626409972480995,-0.20617615202660944,3,0.517964951121389,-0.2764006402738872,0.958791460532479,-1.650274290889922,76.47460313328509,0.7887717155654934,0.4065675749007108,1
183,101.58331249906178,15140,7.375700305748341,0.8013409376183354,0.3281600723536078,0.6057537305209344,0.5715048691980457,0.5610135564415244,0.7997627427952397,0.8029663011085668,-0.39326010885597484,0,0.22644376210389217,-0.6585010115576835,-0.48446822627555375,4.632691179254726,64.24584858937723,0.7050444718255345,0.5173432058592131,1
180,42.44405718366607,14671,4.580113406740846,0.6987822644154371,0.053772311661983374,0.6318801592468851,0.4426664249280621,0.401897256883265,0.34546115146826883,0.4271325310483912,0.4286965508044094,2,0.5792678295751993,0.7335737729795153,-0.08231732079443366,9.26367232221748,62.94495068822272,0.32213214281630764,0.19480407979302095,0
184,42.381761482262306,12123,4.211458746113406,0.6802251684224296,0.6693569842407483,0.5270501564925637,0.6073941613251156,0.5842769863517905,0.25961062523321166,0.2335418019263683,-0.8888426541041294,3,0.5786950787176466,-0.21150725031881112,-0.567460884796184,-1.8932978967561969,77.43370587141754,0.33073914356596523,0.6109185775172612,0
107,73.69744228934135,8588,6.823145254986316,0.24281157033043466,0.23127992831595545,0.582533777440736,0.845976685134446,0.378871468644353,0.43049358343151,0.9945257483830334,-0.02253746204542506,1,0.20690289485090574,0.8497648865353846,-0.012154709100908878,5.676862598476756,36.57451775155518,0.5635515809671046,0.8106198662793589,1
122,79.29399348417031,10616,8.650854827192124,0.5012242302314387,0.24357112586463192,0.6837882008898746,0.6628669906199771,0.7038182924838621,0.46724134440883713,0.9565708574521596,0.15822853975121065,1,0.7956413448854567,0.6955165962615524,0.512033164930364,6.135713338851144,32.72201046131413,0.8523740974825584,0.5858923457197281,0
177,78.00862078378111,8304,8.221243512029092,0.3856445917609248,0.3060471662287715,0.7531188471796741,0.8906730583536516,0.3286660725046358,0.24008470193664389,0.843479169125514,0.23458215210523536,0,0.6316444894114969,-0.24672029640560855,0.04220402858899042,2.4718077463879364,72.15300853863616,0.3861869441194644,0.7880350458020972,1
92,29.148683739775485,9345,7.379238732321682,0.41229608928158035,0.06368476750251673,0.7274523912861205,0.729595819111609,0.6691237757199018,0.8945978733509719,0.6883738793859225,-0.18968465596611828,2,0.31776050682495427,0.147828617892525,-0.42870225856388955,8.465025191508506,43.246338312372984,0.06117988091840654,0.7311079607181669,1
78,107.74608626303804,14916,4.695579244455438,0.6434699794722759,0.17712714419825404,0.8696164577322617,0.9578750335783018,0.9204580529668787,0.542547862300646,0.29486562806969696,-0.3912644331408981,3,0.23218478347029192,-0.9456519274121571,-0.5032067825321238,9.495850990972603,97.91601661262087,0.37441917690229676,0.23765781152713805,0
123,46.560004258870606,9875,5.271156918743478,0.3596042519436868,0.005139627585560302,0.18944343316740275,0.9687180651994413,0.8865112890835538,0.9784443921535696,0.913412938164032,0.3649860674742975,2,0.8787501388344935,-0.4735571942657306,0.5178688124541069,0.43369678080774143,56.12094712597387,0.20731267324274139,0.4358128411091541,0
170,32.95149212828042,11086,8.37755613276308,0.43515928081351807,0.4454095211057868,0.40114796949179754,0.44158270361124924,0.9179471897385476,0.8100177780462633,0.27555667012122875,0.69513809620499,2,0.8357422452246527,0.4205456971384993,-0.7635236485474735,4.765499470047812,28.92776160055722,0.9392070170650174,0.1486268844364086,0
152,108.87480798689772,8633,4.9140361832845025,0.3896677668138721,0.08425537741797129,0.9477960660144571,0.6738480638274547,0.945434161488975,0.555704860391946,0.8008094946768325,0.38723527556575754,0,0.22976067485552631,0.35582189169253353,-0.26006701118826103,4.933189268501684,74.86521329376357,0.6972743463759475,0.04193587507510199,0
151,115.56514982297534,17352,5.392197041252173,0.9588023545745559,0.682652605044199,0.3965905743863297,0.7658134367497409,0.37316952151298594,0.9470402781443592,0.9182581679413063,0.8642047309144432,0,0.03560522651650877,-0.29326108091649794,-0.6970345666922293,1.0545328937875684,44.4927433972905,0.050832664213348644,0.06306895526413092,0
178,106.21276172654507,16662,4.64800325597721,0.9557325857368761,0.23562285119164839,0.12487007690592267,0.5535235244873277,0.39012304201299913,0.5048748150953071,0.6030038404299115,0.4345270507158543,3,0.8045325957431239,0.617216063818913,-0.48404834141103614,-0.24813388258078728,31.886994209712178,0.29298853726260643,0.9424999298728906,1
124,100.95160747248781,2597,7.380541157072056,0.6879532468768415,0.9435741440351771,0.5254451263621795,0.6442460676273881,0.68990476441919,0.8871065125186705,0.8030562178911789,0.5292374680272367,1,0.6155085552650431,-0.5283278962002578,-0.6946335350300956,9.006162973417203,53.825869031193676,0.05021596492080693,0.9845374591343785,1
147,85.52419806390218,5062,8.719911526816048,0.93961797498552,0.8712516273986526,0.10949097255446216,0.806608924670619,0.9257808678971005,0.3581447811958055,0.7916950992017466,-0.6641936067958223,3,0.1008820280534597,-0.07745893369545676,0.7735450170848535,6.84972323969013,97.13778224698225,0.830016670374786,0.09497750804983995,1
57,75.08573706091393,4336,5.34484015797693,0.8286501163746987,0.28944089496820824,0.2028532387278652,0.5360405361390168,0.9820446195668215,0.37864238340409406,0.19315775112097988,-0.16092071094657645,2,0.5873582062188951,-0.054938729378198436,0.46380839802606366,-3.283031510381838,52.9144461109704,0.9062964019071609,0.3351934351720487,1
144,28.698675991141016,14880,6.377033039250369,0.671958306241447,0.7832154546566787,0.9983187565709567,0.7611888117846715,0.33238334213799997,0.41813068297093114,0.6679244735960846,-0.029889338088069595,0,0.45218268536169426,-0.3183664622599658,0.12185449208852273,-3.201738926226695,47.786701258485074,0.11227960583907437,0.11442068015602269,0
150,60.845321307069874,11879,7.171698698556021,0.2051481691974366,0.8032449046648062,0.541362638396132,0.8184686968985837,0.5490418589404621,0.5466256459432461,0.09346793690444355,-0.48741367541078473,2,0.7745503274736916,0.9093322022503345,-0.5511495550089338,8.838141532792399,55.56071696554433,0.44029004600869615,0.8342288233689691,1
106,57.2688517012314,17932,8.997331241078154,0.8180130288635232,0.9865631141144104,0.284058389040429,0.4542977866575201,0.4490259782619954,0.553490270198824,0.5078501431374813,0.05707972071257572,0,0.20908484215873002,0.39336806703020266,0.020453654398389753,-3.7788535245961334,20.96925644797187,0.9318832818364259,0.4962970916402817,0
182,45.97537837603262,2572,4.524040324987861,0.7619906732707751,0.597839986845685,0.9947749545739061,0.6985175896164717,0.8291760942518736,0.4963989216770842,0.1622355481405775,-0.418416111556305,1,0.4531567443050265,0.07839867065460315,0.04166641289514472,5.326320193647488,30.648123087889125,0.14521168671467055,0.6212617559255493,0
93,92.3420113688585,9521,6.492853997528545,0.6922029226259312,0.08196573464366219,0.9665589185551432,0.5578480179545144,0.7481357079759223,0.30600097358316747,0.4163494987964317,0.375004185608832,2,0.15624411425191675,0.021030186777297066,0.1808074513078124,-1.5986262958338244,87.97396945076862,0.2919035906563149,0.5399108657350062,0
136,69.58757350787708,8171,5.9256005995125,0.8083394493459775,0.646837228926381,0.44073904108426354,0.8346318135988268,0.3839216220386918,0.927206464790831,0.8329820746984377,-0.05942304659364828,0,0.9575272278108466,-0.6814078150578069,-0.8798296855545371,-4.47221985887572,98.2427529675611,0.30427465017265587,0.710253583840716,0
158,28.104621590764793,9097,8.329100826111777,0.6103377318198127,0.6249797483760352,0.2604031087879084,0.5137333051221643,0.63846544715548,0.5885860973492543,0.9871678396302044,-0.08238609146192877,3,0.7787381569251641,-0.25562620586380347,0.9458039423934126,-4.105436808798647,32.63531884829451,0.030058312201998505,0.3191322433170606,0
183,42.01832019498113,4090,6.379838655058279,0.7632666170570712,0.6383505774204318,0.83839963809219,0.9353427493228639,0.779808365659904,0.4077392161915949,0.3179598316596177,0.9672850620656235,3,0.7367224265013965,0.3455466294582148,-0.06912205879935374,0.6028315551934309,62.84142547095267,0.03627323468999066,0.1374933545300323,1
65,88.32587636595959,15992,4.55488762292574,0.9481376693811947,0.3071456481042115,0.7156207169717858,0.6585648019109962,0.8453037757468262,0.6511769607436182,0.5319556987831766,-0.2151103029148591,3,0.690206665020802,0.8491404393734674,0.8530635481982065,-3.8361732246595297,97.3066747044515,0.9527928270829129,0.01762000272971398,0
96,27.61308594903002,8566,7.172120726432919,0.500644012676869,0.8596795850803329,0.6869414350035103,0.5188018181845321,0.314036896848806,0.7679667578098052,0.5112980243704885,-0.2754091348208634,2,0.4233364424663817,0.632928118783677,-0.9803837705720473,3.9495879990018103,32.5265100943171,0.571092608986254,0.44569288862593814,0
153,105.12069140487687,13861,7.853903091319399,0.7664974679205003,0.9594721829554119,0.8931137413224726,0.6628130778101976,0.9233287017887228,0.9607280882282431,0.954401509831066,-0.3627912574346912,0,0.9232824157031447,-0.39922039208005766,-0.5048832087293822,4.708817670611134,34.90476940019602,0.30664832142861786,0.9078344287914373,1
61,69.51465270139744,14464,4.014406258328073,0.5805502544087671,0.21771251297815153,0.6894171338713246,0.6452462576851168,0.6984969680653671,0.4995491622675826,0.4785837324327735,0.7894984419515962,0,0.07291701192700539,-0.13208674862013337,-0.7920088593733288,0.6020285797457339,94.14530831427187,0.3786746607065845,0.30526653801226666,1
144,68.0586577326648,6624,8.294783427103148,0.7395197214511853,0.08815215813664445,0.28379794304154915,0.6573513756962261,0.8683363804719333,0.1120985103507588,0.6991062053996978,-0.0065523478036435545,0,0.8032590716789518,-0.8341649585744109,0.5392323547095432,6.143171135775262,76.4550117161906,0.7148429288450242,0.19595682113562307,1
166,79.24077846595176,3633,4.930115000028328,0.8103146684434914,0.19453503316848408,0.6938631618757323,0.7513367760984682,0.8655566210099983,0.4407658014365413,0.9217892331085261,0.20002895496127104,2,0.21523273210573268,-0.7956553539288385,-0.35974990081057756,2.350637802543659,32.15733494737286,0.36651720355462036,0.9260427462471071,0
114,102.46809659251491,15253,6.7603468232668895,0.23636200034863677,0.8205521392557188,0.30581351128366396,0.7127042349481225,0.4328968621896784,0.4789705614534714,0.37337855953684007,-0.63836304199521,0,0.324027955633848,-0.05953922600256978,0.6809850168314939,1.453427551031231,51.47941368948878,0.22776040309328827,0.10544863875129418,0
167,54.780920790219305,3517,6.078987503437251,0.7172803551589295,0.6766446348198475,0.759238979656995,0.4898662790085416,0.3771204841775432,0.8969940781856739,0.9021222382453876,0.0818847200098538,1,0.5194297289673083,0.06043881363420023,0.664770731431714,1.104821331851876,24.501595537176843,0.1018373415997994,0.051801033415810105,0
56,87.80161525590636,14485,7.598269083052652,0.3813929475255557,0.6360473423391266,0.619747854491566,0.43934744358798183,0.8049010882816787,0.3948007684629531,0.9174562218910135,-0.4507036142630234,2,0.7826550110555796,-0.4719458086061721,0.3355895856131397,1.4665973101830607,54.613722713415534,0.7289330117180371,0.8794131749554379,0
183,76.5731963995791,12849,5.855808073928709,0.7360260302460535,0.4017931351094245,0.07741155198475058,0.8376492692359243,0.40949884317513335,0.9533242648871384,0.9306625039671307,0.461273842525755,1,0.8385349076537366,0.28556537837188256,0.3315636070879542,9.518314749016278,82.23211955896296,0.18056501667522473,0.7009093819546891,1
102,46.70282701694213,5648,8.348815883408554,0.5746641487470507,0.5778279715114357,0.512835362435142,0.7358304615569882,0.8949562439833065,0.4851319077143348,0.2704461854714264,0.6650566975847643,1,0.5837322501601249,0.40676137116027555,0.40031938414627,5.221105900576564,64.31776436689017,0.06964826992629758,0.4220686381374128,1
91,107.8629986355158,17177,7.652481804793951,0.8188421934919099,0.3078741252743674,0.34330096919574093,0.6154004608475583,0.8083326387034735,0.9737805009789289,0.4003555942699585,0.42962138426255514,3,0.4030354889346852,-0.40176773677608457,0.34752766925954903,-0.27185229258349963,71.79536974529626,0.426954445496477,0.752343973008841,1
63,99.74260216069281,15140,7.238565855314608,0.2987206521644772,0.4772000794179613,0.32857063273229425,0.8850146934988443,0.8892777550556838,0.008198321130962194,0.8703959082257019,0.4604883325405147,2,0.9465024214032101,0.5168494514150836,-0.22618328463130188,6.00789805308348,46.145610576016736,0.03957096181135378,0.7414399520442692,1
153,85.84518346584255,13780,7.981202977814272,0.7010578813249562,0.7930630283706559,0.6022563023772572,0.6328350845565742,0.5093088757265423,0.8988153748063467,0.35916182428041876,0.02494940823903402,0,0.24652129583936833,-0.5887901619217333,0.3656552891370919,-0.045989175156259776,32.91167341958344,0.9649980583428868,0.04006056326058294,1
102,105.05817290942419,3537,7.770115174641911,0.42277658314204186,0.9812415974554621,0.3223248244694249,0.8775790537603645,0.5216186422873983,0.9311204519433507,0.6002530329335051,0.42423611266827055,1,0.8030945758806354,0.08850275455114764,0.7948139383847173,-3.114276383229857,21.049334061878753,0.6272929675748398,0.67624681206184,1
185,106.72942009598023,16357,4.1796933746077665,0.8823855962644733,0.9324889235898018,0.7768937482048727,0.5834536765074249,0.7698550894424223,0.9610209357652133,0.11805450726005196,-0.15462612898367945,2,0.6120496214481532,0.6085621871243465,-0.3348530162467527,2.130405361834736,85.70498754634764,0.1526968104465608,0.6408723774527126,0
108,90.83629767150347,17471,5.973671769224141,0.9427068045090461,0.9338659428462488,0.07079143601117444,0.4437071785271199,0.32201216854126324,0.013076534174614851,0.056274988111240765,0.302978307059226,0,0.37689501688521376,0.07401817136511069,0.8897780524299073,6.265357887076211,70.93236474766303,0.17245408644846083,0.9637791364163035,0
174,103.7013328363672,15368,8.654036486582449,0.9971186349432444,0.4022237348471124,0.6603882523958254,0.9595838162799575,0.8085477224361959,0.171700836550309,0.4119939894921726,-0.48192157975897065,3,0.0013679843635368005,0.8159254370421012,-0.9728368242024605,0.6648986633098177,38.34569930301507,0.5698284802728454,0.9666226101597636,1
170,89.74714616692836,5137,4.628621344961131,0.8368059219418267,0.46878988050679093,0.8091948036567412,0.636730677568824,0.8850481495982208,0.6537645030932362,0.5789165325927175,-0.8604859753759797,2,0.4465993013486268,-0.8829975342507284,-0.3018349234695257,8.037612130710144,53.47471680618359,0.3565657573377936,0.37779932620204393,1
129,88.01407717603004,8985,7.685482752160256,0.8029872563424036,0.7056353963689815,0.6728316899204301,0.8756155437096267,0.5906145106228728,0.025472691735107134,0.39269911335894137,-0.173053471756063,2,0.27671999754229926,0.17662769098294362,-0.7358031965425196,0.8042905613163978,84.11546149824913,0.7742667441877137,0.5898419118882183,1
167,81.86113782151844,2097,8.872959056676649,0.3724006070940409,0.9221919280512842,0.49722919501999574,0.5674864799333827,0.8354151810619281,0.06360899617650073,0.577735770160842,-0.07644368843902005,2,0.10434661332556061,0.12351090508878015,-0.7467603419099527,0.24758538260097573,63.09601488731086,0.5458064856189166,0.14135737488837874,1
158,95.27166395576413,13407,4.260993145224858,0.468805647192087,0.14199425935208465,0.9503070137361812,0.7878190672741936,0.4222276418875833,0.22107887369344192,0.515084376171785,-0.48718568362262005,0,0.07515856533808485,0.3207066570853694,0.6308589880231366,9.973658707949,44.012790115678264,0.4333338755249413,0.06645652595713403,0
138,35.86051052930737,16191,7.410969403133052,0.5725460334098236,0.30424186382719576,0.2999384897980636,0.923986523954637,0.5255822756736392,0.5124397687438842,0.6857072292860759,0.45541903681447526,1,0.34755832731160197,0.6668136773606153,0.8367366295002459,2.2370803448509813,41.374761373654835,0.9629802480652716,0.43277987225890246,0
166,108.08707591989284,14722,6.340770706505152,0.8187048382257998,0.13924684459410952,0.019167887524977778,0.42498641340398824,0.9820134741773341,0.5459025592668075,0.6495324310653898,-0.8528990420474416,1,0.6147573887406486,0.45170616867679003,0.5555165084659712,7.078318145702591,37.409121955906045,0.390729056209689,0.6898820108350104,0
153,107.1843527745232,14924,6.895876276873611,0.931972692062375,0.6120085299594553,0.43198937146344085,0.8983814588116535,0.9904297214920883,0.03426112279350435,0.42424570320658006,-0.5545033512416229,2,0.8375193153647736,0.5805654707456835,0.9532314379851197,7.074820840898838,85.89839041073358,0.40061092379734353,0.5677611222977269,1
147,22.924728303455915,5750,4.426706682421624,0.35131128001838774,0.30630099688753754,0.03301193590032725,0.7427998029831572,0.6588235371151115,0.17036725078153114,0.42499524041986325,0.49712943690725364,2,0.1835632449473269,-0.42236654856475697,-0.5673420596674585,8.89554005648769,66.548828054773,0.665772421060789,0.42965692218600193,1
182,102.58167505647627,13349,4.2150347593346975,0.9378939877360823,0.32610785251257346,0.9539367525264087,0.7644830523451416,0.9539888540247137,0.4997056733346553,0.140778340012232,-0.12575145251997522,0,0.42464397130904963,-0.2250052428620708,-0.7184001755806191,-3.7265741832454453,76.73257325611715,0.8094785841221682,0.818112546774591,1
164,32.88698674734452,14875,7.334333302754608,0.7564997218832465,0.07091595948797924,0.2099180457480515,0.7138948004835897,0.6659114746397982,0.5939406209434053,0.5132385720964592,0.4105672480786249,3,0.3919561401421522,0.2535539480924607,0.04140756407922708,-0.9316958535973647,88.80963531179307,0.6262149908585453,0.794427472183747,0
136,53.51188542591419,10535,8.116547149103589,0.688616584548031,0.34979606180759193,0.7889270239488795,0.9246850619701854,0.5041116897128101,0.14840169648621537,0.5871791281356967,0.13497175556719254,2,0.5133940092085156,0.10692294384987044,0.6580752294852359,6.51622137319651,98.9489362024173,0.6986102220544285,0.7319420550777613,0
108,94.35082562916078,10174,7.910076674664836,0.35987301702555163,0.8624965074015853,0.7745720831743649,0.4260600143413825,0.4868295016691403,0.39884141194697065,0.4764893973538262,0.9014254999947249,2,0.8095872708095528,0.922207749941073,-0.9203218183238806,3.4390223859784737,39.958686922462554,0.37293156856661114,0.07703224815376108,0
122,36.07598960483082,10103,6.719028639331187,0.24442002624732045,0.23307281189083495,0.21772889968293352,0.5566170349215089,0.9506539937577041,0.9044014365169524,0.325707335086999,0.19559166544566597,3,0.5536452179992348,-0.6263310001311613,0.991131321999764,3.3942241353180087,34.47219899663303,0.4794968364782597,0.7964696278956436,1
87,101.79670241190622,7413,4.499334105680891,0.6547719188063519,0.6951874662100657,0.6212265304801673,0.9254575233154932,0.4207124722817014,0.998899287046172,0.7216485442517359,-0.9702620513089606,2,0.8466549135022942,-0.29744325509771663,0.20449185841064565,-2.506770471946388,56.959867423515874,0.1970350864679633,0.9194213159947,0
75,103.21341779577419,16267,7.440222219180069,0.7212125466631141,0.6296283449385927,0.04807896848645021,0.8514074215191736,0.7057427207412728,0.9872144548311412,0.07466164464522407,-0.294245298991332,1,0.5185517560689777,0.14551046656970956,0.9578836243627549,-0.7827047882910527,22.805702358282602,0.6802464906985235,0.05944208829091646,0
102,70.74677337608362,6666,5.2094444177707295,0.36862515948375063,0.8634846083691153,0.48357458570386747,0.41058709610716354,0.6888675476439037,0.8816745102868724,0.9144403697540473,-0.7138786355905846,2,0.6038473651812715,0.735927539872304,-0.2698367335324461,2.8200112857510167,83.33743052508225,0.22145194042670946,0.40167138880853503,1
182,20.63858717168336,2610,8.555343513836918,0.6451649646603652,0.13228794765103824,0.014647127272486737,0.7102037699258252,0.8177351792570964,0.3946600879499458,0.020643439545793285,0.8492673551954064,1,0.43738324249298977,0.8586970493819834,-0.08395235893282149,-0.842279529880682,90.70079990675058,0.001256795393811183,0.9883554897165877,0
189,48.70381331749128,3727,8.191326797728525,0.8851947222100589,0.9775899603450432,0.9211438801808418,0.717743608427605,0.6494700352673423,0.6865742920747842,0.9623501334382779,-0.7919750914298394,0,0.8230955802956337,-0.3279273383448029,0.5047228847947842,-1.8457581095192737,74.88317589984227,0.9337621198067512,0.5992388584682836,1
182,81.69269183757422,12482,7.546914835436954,0.8680527563640161,0.5826286460403656,0.9760860241995717,0.6405292810767462,0.49059996249569393,0.4165922277841987,0.46235560093466244,-0.22458667373782504,0,0.9238272063646527,-0.8657830769472967,0.5854009011226373,-3.6836591634500584,41.43960196508875,0.3060152412145538,0.5135774021274628,1
87,118.11861780274235,3854,8.744229779155653,0.9418841444690378,0.9954741523468144,0.22228276663858526,0.5784359992371938,0.418577549742105,0.6485270268242028,0.4126699440035412,-0.5478016127466157,1,0.6391447381231457,-0.15676060415562976,-0.5339338932995195,-2.6641098211498164,29.852437919103245,0.1966320424660023,0.17744614746874354,1
169,83.18135270166684,12800,4.157109107556365,0.49270864764550437,0.9115147258658508,0.20810603459637278,0.8090349102474053,0.7345731624541243,0.30943247096948323,0.2564440174631881,0.6934439807934667,1,0.8207824491729039,-0.21131171353298583,0.8596021726154455,6.533016437379594,50.57153503359107,0.2681467309657759,0.56548628333417,0
173,45.98035810641598,7055,7.681002125303809,0.454439658040735,0.2215172721131058,0.7537201765621296,0.5246742788228523,0.8032935297972632,0.606202253610332,0.010071134832283168,-0.38286700482216607,3,0.059003333999100294,0.9729741358593791,0.7348462436694572,5.781687708770733,86.66684964042027,0.33044769761864756,0.43904326046945297,0
76,83.40057030996113,12271,5.651213896682027,0.7995408047846471,0.056162009903313104,0.25337939882933447,0.8793691372430237,0.6986648950774228,0.5237584965528499,0.27479026442179977,0.98378696628529,1,0.9061117514466576,-0.1378775114184212,-0.9635893937936029,-4.312494734769326,47.82622430288917,0.4745464264481737,0.12744305557012303,1
92,73.99853797158555,16726,8.530329428431827,0.544889924077604,0.25563909379536154,0.895076559161845,0.881822296460483,0.8168458939848362,0.024480265813199953,0.10939992546033395,-0.9227667887754982,1,0.18892506683912458,-0.3885540013935411,-0.7428637882896338,-1.9507387198383346,22.740365890131198,0.06935167101859663,0.46433265261803425,0
163,97.98453951511436,4324,5.333375983309888,0.2700389312222245,0.5275636489994199,0.5739291361229822,0.6491568625436923,0.3990648417149721,0.7907029037461137,0.6598208426933947,-0.7434464550748683,2,0.25652042732580793,-0.26924525093013196,-0.007805787185865221,3.4068302009907434,41.942430098010554,0.05267315620545088,0.16439930517526047,1
105,30.69806388269584,14819,7.624282496575085,0.4262409045363998,0.17159636706519,0.3507776230103121,0.5701288065457886,0.9177291364601947,0.011897832245155615,0.31907497232072624,-0.5507224471417818,3,0.05333006820674624,-0.2061474387523723,-0.07808897177363461,-0.16058233644840314,99.19564880605786,0.2929107655380726,0.7306636217260566,0
62,96.1027902502028,11369,8.388235098253908,0.5348658284251913,0.1674597445179885,0.8326937463494201,0.570326908954428,0.7076768558859521,0.29315594225330177,0.7671793284036615,0.6222120804003188,1,0.965400116974059,0.6430807643932319,0.4167817100696707,7.348744040192958,74.13350045327066,0.2957661311970958,0.9736483661436229,1
81,74.12665786761103,16718,4.208284091913412,0.43401314038100164,0.4625935471051531,0.4934067004133952,0.6893747943977261,0.388790748824818,0.00592406545400237,0.20691618734611694,0.7570344181280315,1,0.8520108494883764,-0.8379702143374717,-0.8205772478939319,6.774839614932203,92.06838639817023,0.11764622781423506,0.46957704842569614,1
81,116.29920038589947,11283,5.988237897960181,0.4657644567578573,0.03326797116935842,0.9116329137084755,0.8317475348496153,0.6233476429440145,0.3762014132951982,0.9002348574321095,-0.8570972387811553,1,0.9131846040910838,-0.36698590224994665,0.2897106133942531,8.373708369371643,81.98922140008861,0.40479159432053424,0.6323683319146128,0
75,54.187216603868606,16189,7.811545160109693,0.4350207249395126,0.12188808253227046,0.928014236729381,0.6153212145963153,0.8913542165061379,0.0631605281641393,0.5229815151058326,-0.9350797164754472,2,0.847216167760015,0.9326369838141992,0.23273986226916477,3.4439684725767385,63.17644122613046,0.2840286682027823,0.4309755247668423,1
84,83.26218931339481,15171,6.274594447537935,0.23319933374646357,0.41586133940794756,0.16542015212840933,0.766026007274651,0.9282935354172119,0.9135109668312412,0.11450619646898141,0.4891137142091586,2,0.47953055272128886,-0.6937949904024001,-0.5327608030439113,0.2811471971364776,31.895109791598422,0.026055552795070103,0.13845385365700535,1
151,113.20281055100175,16549,5.336263148967976,0.7096757606595541,0.06312990920796646,0.0023234061319302723,0.6294906763495566,0.485254653499133,0.4156792951628686,0.40084523565347896,-0.733295986492773,2,0.9240819340907634,0.4852026430651799,0.08478792853679895,4.0909704427737665,47.891558268457416,0.8857207804211108,0.9705552864754987,1
82,30.250972799067924,7774,5.09902674411595,0.6778339362827754,0.39675505645552933,0.9839309401424022,0.58271391349083,0.7978860772973171,0.45949577486441007,0.20676052406976164,-0.7340028258507216,0,0.9694728204271883,-0.28721299760341923,-0.5555855860080361,-3.662949803818133,66.69921802193778,0.8860190180435904,0.1295786640840797,1
165,113.72284872364511,8519,4.657591334581889,0.7227067987829445,0.4740062659484451,0.9061375361274794,0.41491570954947654,0.3699896732386437,0.34985023609085486,0.1996854261681792,-0.9552669310111415,2,0.5025669767893975,0.1635710523890508,-0.7061539457987873,-4.856209733877986,89.65058789855937,0.20918225291347403,0.11162680851354068,1
115,88.78857223008133,12983,8.285647799281412,0.353847916826902,0.4512666140731144,0.05544523570384141,0.4023484634412344,0.32348210998851046,0.6275061542017663,0.5063697376522089,-0.9003842448331563,1,0.1756247813288382,-0.8009039229822359,0.146269869308141,-4.74359719819467,41.49400366919197,0.16287222816434788,0.4591729416713005,0
102,26.78370591051719,16548,6.87677701625778,0.4365236332899882,0.8691748574030873,0.8330342639410699,0.5363246066992027,0.69227926767396,0.7844081166182038,0.6718920156363726,-0.47264908280902174,2,0.6586225089630944,-0.3871766652921069,0.9549485566011406,1.1131440690132424,29.698149547218364,0.5472927643469817,0.6588872657669321,0
58,50.096356694681624,16414,4.38192472495728,0.6956927415559379,0.5300624550517324,0.4578049325592066,0.6438437720805973,0.7863793055296882,0.6481467430489779,0.9116182055034282,-0.8699890211783874,2,0.9754382898535706,0.001729883321776482,-0.52613330165651,-1.578836088454051,64.7065854043854,0.6307535029814308,0.3549232709728912,1
89,90.81720886452815,3749,5.912901617853177,0.6797020547679371,0.46798046247804337,0.2589616050249752,0.9107567004172361,0.8570507118235513,0.7482071183951275,0.5021620107636534,-0.26224181668144886,3,0.872146859858875,-0.5365986836482832,-0.2893277012896962,-2.6399344129992848,34.12009780144445,0.9575425574470728,0.19251702219690303,0
103,26.73506014687717,12867,5.838668254025549,0.6050642474834143,0.4107092453916662,0.8787465236769298,0.8790905457582552,0.5381513669187342,0.9059736635092605,0.9658387750583302,0.6655500624546982,1,0.8618151761459075,0.08373988610630434,-0.48685354801990655,4.229890234272556,68.82894154575254,0.37734845663981254,0.8189633680274763,1
71,78.21704601762733,16939,4.908695953547315,0.48033060000815797,0.8176233783044862,0.19666723239030726,0.5602991575527939,0.3045677873002209,0.8635465316714287,0.9416348520733687,-0.3473594853568147,2,0.933818016807282,-0.5604813718745674,-0.46708035670701054,9.926425639197717,41.08171539869856,0.6182003428645584,0.3631033206095512,1
100,54.588305695295674,2781,6.177538127360954,0.9303448038197519,0.8950566039998331,0.9472999994200669,0.5467242657905796,0.6356634659779477,0.6740584527536958,0.8650625299843604,0.4556683251587432,0,0.8939522605525471,0.3002011053011078,-0.1916157316266387,-2.3337019457669546,38.477040344049975,0.8781810458043096,0.1943209733839072,1
171,82.0915517767477,9548,5.660496826965682,0.471816193839075,0.8532424691971175,0.20562148769934108,0.5363932426420165,0.3110974817614969,0.2146379629044286,0.49997726496241857,-0.8121800703379398,3,0.7762816640182929,0.8087086805006285,0.40371102130124026,3.1963213632090817,51.93446119911129,0.44995378578085,0.36508487750687013,1
60,24.574203381251287,13240,5.709018527460913,0.5644953251498013,0.6735465781313908,0.6136831877287435,0.6035424043173202,0.3643891574695599,0.6377028510419288,0.14090394368798353,0.3187503748389857,2,0.7182728321618272,-0.8290227252968572,-0.9223909519381097,-3.2040872900015933,67.45534060463567,0.12234575115732604,0.21455420764279098,1
153,107.15368061523763,8823,7.695132788939794,0.7424910647633671,0.13736174596867423,0.22308633452897486,0.6989192317370112,0.5286823157722238,0.5060830957405109,0.21790446981538492,-0.36650563348513,3,0.26476717374475434,-0.5667679284478273,0.9142483913711204,9.013546616082085,63.62541383594504,0.3774472858299742,0.5194477378123405,0
178,117.3488969177397,4105,5.116316927525982,0.6344171446934113,0.27686996949201226,0.5456686649686348,0.6632006632189453,0.6060204346921241,0.7172192310104201,0.6476700027119756,0.4995057573940762,3,0.6213400214284492,0.6888460545206598,-0.907440241021505,-0.6236724714412247,39.578758178798445,0.1365669267033004,0.6682893861376992,0
91,116.88778552856915,5867,7.209299794276777,0.47750878109150846,0.046063063681977434,0.6839751299151413,0.5309639192688963,0.495628608860754,0.8329316483929149,0.4217549802841961,-0.7274959718872362,0,0.5214886217058895,0.2631069708839151,0.7625063638891194,8.175097300650677,91.2893339562701,0.016639464201950283,0.799557377199186,0
78,94.96518317429248,9193,6.853248119404674,0.548515832365208,0.9308240749901141,0.19022793082013756,0.47827084596617087,0.7073056865532954,0.7427214971864174,0.1468016317539964,0.7957667555289638,0,0.8619440915809912,-0.8425821657148695,0.7887561975239978,-0.7538534112443473,28.790557578816085,0.7515530563490262,0.22756203031986588,0
147,33.0086240130632,6976,6.840462561689336,0.8355846542828049,0.6607985296909104,0.5208857827006792,0.40754668749171724,0.3387448524526666,0.8465611699612853,0.4789939336393104,-0.5148455942041268,0,0.491712573490072,-0.027299769781009342,0.048978375183046596,7.090787202800792,23.157405045946824,0.23842370049535555,0.16695400570444552,0
100,95.82631959290225,14734,7.315036730708879,0.42250332438928995,0.7463628843132415,0.469059744390119,0.49237794319990236,0.40120579716770927,0.06386637334102385,0.017430545502045924,-0.2937244134376471,1,0.1277427635426891,-0.58048296997733,-0.7260063427620651,-1.8592799983134096,68.2165015524958,0.002007045838974042,0.01960342089522016,0
149,22.45869164588015,4113,6.7419101809782696,0.31380419182145236,0.31157173958222895,0.07103742140334124,0.8232138221164709,0.7866808805288035,0.031620038237463954,0.7338953708995932,0.9003614216360833,3,0.004972485322349174,-0.6018072118598605,0.13029194111388764,-0.6081585476983342,29.872573445238118,0.872432357535145,0.22808776834724265,1
153,22.212355152899725,7879,8.396275574231923,0.4505305614638217,0.8456535222773424,0.8183078176753029,0.5461831416073497,0.3994985975185424,0.25850056769959395,0.07358129448969086,0.15696471946171786,2,0.6778731204686652,0.8812906867210475,0.2572643198056994,-2.1128695189454905,60.39126514231689,0.4437888384909059,0.02390535249779624,0
170,52.36102191495412,15565,7.377900459751299,0.8796273723903212,0.2596032837084785,0.3356824006428417,0.6811610860729058,0.7478426410992957,0.9006660841086284,0.629113619912119,-0.2684569620739561,0,0.5499083871271615,0.5230830961522179,0.7155179156142226,-1.0361018322551652,96.1418627527706,0.2388598796332252,0.34547420368905934,1
121,68.86431904046657,5970,6.7348162568569405,0.27119177188507737,0.0016437571124496841,0.5745821975518796,0.7547806893539468,0.33827923452735587,0.8236592509839739,0.7930103076255994,0.8992042940672633,0,0.33096290435844833,0.3924611870482875,0.10179075153913941,7.52298632999973,75.88642171622321,0.26278997235541923,0.14569308883003662,1
182,97.04074178077931,12183,8.148815601438224,0.9933568586979615,0.37641496252069395,0.5147842349331344,0.9321045416989643,0.5851675953833982,0.6827272977953116,0.13264387445396553,-0.341845166219936,3,0.16897215003789035,-0.5221423658442828,-0.17858120819332357,4.585487463200462,69.39652643182083,0.24053789330505027,0.5798955982277842,0
72,88.32953766065052,11259,7.030732824667399,0.63280231914213,0.5707614809590734,0.5132605045704423,0.9333130590360517,0.4241866290848276,0.7007586674397159,0.5186386906660125,-0.8102585746496405,3,0.4667153224039021,-0.7628531339180991,0.6765823877082278,1.0881950325583603,65.98441798978246,0.194556161189272,0.3837267594912731,0
79,64.59027063767483,9264,5.455721238925895,0.9878765951736752,0.47870485796552253,0.10722239420848745,0.8474402402088155,0.37674539777463045,0.7266704692582125,0.7790675143594696,0.9936977757188397,3,0.10028647247890565,0.7416652425707002,0.9619035947052379,9.572815406232344,34.36314017596742,0.8412262245742964,0.09358534107075955,1
108,47.362666628166586,3577,5.035474590882856,0.951197137668782,0.862076142576597,0.42348200924933277,0.42109419522910085,0.6969229484508592,0.9426027004847469,0.2606334547570014,-0.4643101588821723,2,0.3361084892211431,-0.9882408613150981,0.2902064103158666,1.972922906943606,54.61182597024835,0.17033163436986953,0.3998664630365941,1
112,119.71245001577111,11203,4.761638928313394,0.5622509713687334,0.10540528595616694,0.4523667592065702,0.7450422514512489,0.9498350404039353,0.8321911523075576,0.1629165930016191,0.7025156973992148,1,0.3792119062356344,-0.2238071525979608,0.7487740746056191,9.546399568882771,47.401880589341005,0.5618546838793986,0.20934811596785163,1
121,62.6181302235973,4274,8.497276062730508,0.3587928596842793,0.5538234406337256,0.7336428403644485,0.8719500824989039,0.33835093354648416,0.6233903870270475,0.33681911096745687,-0.6689184103538255,1,0.46561869483796214,-0.4447749940773329,0.19747022565812844,-2.0511961563370966,96.24594577776502,0.07732024467218734,0.6801773513401055,1
158,65.13870243296755,6869,7.550677158990329,0.33190782125211077,0.5129793498209074,0.8400188319206985,0.41037282685801796,0.5950879737526239,0.6657154352571405,0.5546991765833158,0.4627079435547561,0,0.46662075133884684,0.14075240069764727,0.37957598282061134,8.56957640672424,39.385618509658,0.9495213761786002,0.3644362447707399,1
78,36.36238211916692,17014,8.686892190821604,0.39199149109596604,0.281392982172163,0.544982278100018,0.729810768193947,0.7952748064218105,0.21374026206112196,0.57527959485475,0.04889878894450406,1,0.25700564347427723,-0.4989831282283306,0.3763342350978376,-4.79266693853758,57.721309711684114,0.6033139044459218,0.14703000921514608,0
168,99.48095487499293,17795,7.016459028574715,0.76810611245163,0.8222281125770106,0.08678295406499048,0.9146584874716177,0.6238814821814789,0.6573188251562725,0.130876333457687,0.9618131165802593,2,0.8502109816019876,-0.3775892813433841,0.4095739736805306,3.179548035486363,95.0463490621,0.9031525112022932,0.3496017324042866,0
86,89.36822257814886,12006,6.367004407474562,0.4183599957851903,0.7528486558822063,0.23684947059654626,0.6844612455053602,0.8645471622736716,0.4246790124184585,0.45756884767397166,0.105660712184799,1,0.3555435062567456,0.7000797099863871,-0.35797311214273275,1.3457859143802224,83.1344521951452,0.3978777794754952,0.22437833393018547,1
140,42.07696127887604,8744,4.298582444854446,0.47314021568343867,0.732859187331831,0.16493402685273106,0.4024637217384691,0.4257517211048921,0.15296187060574373,0.26828219553948784,-0.9499696962182917,2,0.22958730889251633,0.20637764680903747,0.15132279254342462,2.876317682079689,97.16121914275385,0.8106720567624114,0.7957790016383861,1
181,28.23810456158427,4426,7.358211407730149,0.5590230431956918,0.876192478269556,0.12461506318912474,0.4066080150013645,0.9717159435194183,0.8064028192465743,0.8420242180649508,0.2077559792481758,0,0.17580988341059023,-0.7086349453412633,0.1882711679475908,3.301672479215485,68.66642041175928,0.8536544794493112,0.9833675603649452,1
184,88.0499302074713,15489,6.911043798841156,0.930586144337165,0.7227846006215212,0.36589929861780757,0.6499816224482503,0.5696138394407784,0.5102470998031456,0.31357513206403076,-0.7093670873267479,3,0.3225783945033356,0.4529430869916631,-0.36985674657353607,0.8354703110156638,46.70294837967472,0.7029492911786699,0.02549138902976744,1
71,85.45112142811352,7546,8.951044467938107,0.3515147343078769,0.23184129171472645,0.22939350215438203,0.49300520045005275,0.5390987430609926,0.9774250416894216,0.8387045245338596,0.5970818305641743,2,0.06755288297753437,-0.5850815970402432,-0.30029526459267264,9.972967703291427,86.13198203712473,0.09294746645370633,0.6900201373152819,1
158,47.32595269982093,8852,5.195793888911215,0.2040212420878425,0.7055627116496911,0.2183031118115123,0.7986703942559558,0.9122240561522161,0.28167935447452497,0.4285646126017921,0.713136392979798,3,0.03290752298097166,-0.13399013977503982,0.5244935300334295,9.647607854509387,43.31650170986965,0.01608008640590597,0.26395783362348657,1
97,115.08635622504103,14594,6.65368677643418,0.24807712830253614,0.30770281338984384,0.054693174576267656,0.8252795589436923,0.6947069223242366,0.4806701123050767,0.7265857658264533,-0.035812962410571414,0,0.6051421968028677,0.29321447367858666,0.16544768123449827,9.426180650568927,33.181824152950874,0.1685596720562218,0.06640864386929446,1
93,35.10578917809002,15066,7.254786675590363,0.9238130733440943,0.24217465034747054,0.01767004479543388,0.5067278772763771,0.661511039331975,0.44799545466886814,0.5100602285441437,0.5664429141045972,2,0.61914713604919,-0.45614092508502546,-0.7015777040736628,9.686275710648818,76.50310512312059,0.11809675696667843,0.014351309585293515,1
80,63.23348010426019,4551,7.222955873711718,0.7180131718746905,0.07300359289962732,0.1027682426497818,0.933119973114691,0.8088845436699017,0.12077952243257872,0.6219626241309765,-0.7097785290367897,2,0.5295882026382897,-0.23178637064841556,0.6752739773657446,6.895185981540978,71.11645308274875,0.7251376641998437,0.8810096692124272,0
153,114.36159201675989,8411,6.806467714742014,0.4184324954622454,0.7440285803476767,0.17219747942363306,0.6651447069873555,0.7058839667967632,0.4261152788307795,0.3953565108613831,-0.015843626928707888,1,0.7622851952317243,0.4682991946083017,0.7662285741486394,9.828857185394979,90.31591220763163,0.5570068206893427,0.35360650207779953,1
104,61.97273169261223,13849,7.8846400516361275,0.3417540008089529,0.7110009619498112,0.43098372884820313,0.48570754455515425,0.4137609513299807,0.2875534564209249,0.7682067678074908,-0.21211147061883073,2,0.03915054427707798,0.8758219068486868,-0.06771770408437172,8.385403379127128,96.95398062528406,0.5259508645456058,0.9945438920906041,1
67,83.85259476640856,2007,5.024906047634082,0.4354133893096915,0.23449947767409374,0.5105202612988446,0.8585509588416373,0.7719383360054508,0.1603204713669344,0.4251893835736583,0.22263477410616273,0,0.9359731082094677,0.058490113918945985,-0.5821851359541461,1.2389895554863166,88.57580697796433,0.25286730032814053,0.4423771676302123,0
114,59.75943979627943,10087,7.628136001372079,0.2918375418010241,0.749379016724156,0.14059191817336558,0.8739847000100637,0.3934282154974899,0.2821555840361393,0.4574616465858219,-0.91104562239368,3,0.09506512325706051,-0.9800580568867545,0.8952129908098105,6.771656625751117,24.801743807061662,0.15460753673704164,0.1875977517713744,1
189,47.421520234867,4555,7.098672857165446,0.9532263282275528,0.917840883093553,0.4247833415241863,0.7835772835992745,0.8641003937338434,0.233251691266392,0.5176786682309572,0.5042456764972547,2,0.6740229943935936,-0.32307249751633904,0.7645391290391526,8.681017676884387,73.16107463858145,0.2065479697688959,0.7771435685225458,1
111,118.39776479598282,2475,8.480375558972867,0.8273649394922136,0.10802895749157926,0.3417488423259273,0.9120793319215319,0.9928156183985897,0.734073531005878,0.8318241183859835,-0.8417414210506327,0,0.1333965889408093,-0.2027313303089311,-0.511236507316323,5.689091103806387,82.77859302912366,0.40027700741448013,0.9264922163672986,1
90,60.9334006315043,7416,8.235972195167909,0.5699129415300326,0.23263663838677495,0.18342364349795603,0.8424237832184027,0.5641713374823434,0.030775178259160096,0.6593789286014649,0.3129430350603297,0,0.8799054333077924,-0.3216527599955119,-0.8088125273946052,1.341735108484059,98.55429794801412,0.7401432067609529,0.815621030775491,1
74,109.40992036791344,12403,5.575735195662766,0.8919700840921616,0.7502607940873155,0.006840748148363551,0.9293234423361943,0.6113291287414088,0.6174627479132213,0.34916038656574977,-0.9630855489201116,2,0.5107132869450313,-0.12746227776887453,-0.11869278490178647,-4.013146369753621,49.9729039610107,0.25451661653646995,0.7451992340275277,0
119,42.99546058910862,10676,5.381186624875765,0.39956656343458585,0.27450667350707825,0.4670178665217417,0.6603328290912878,0.3325035588379686,0.7606613420236065,0.6703196339815428,0.663776127513459,1,0.08229354101797604,0.2653325076367994,0.35279397298747917,7.145454055908814,33.59052698169183,0.6986130012587202,0.3346996945191685,1
62,41.31047040250833,17956,8.908266619262239,0.773696454777755,0.6246639742837168,0.6856517492651993,0.8485582768596656,0.3096132316578048,0.4807234564689732,0.6424265730085773,-0.6506007395524374,2,0.6167241127000735,-0.7577439460044937,-0.6492228295601119,9.291143096897056,88.2346449437777,0.4915118204048434,0.0644903638950427,1
169,23.113408288451136,9239,6.636325904576283,0.8849059992109949,0.08116422446371452,0.22627733414380702,0.9998509380574266,0.9449935344134293,0.9315649800079184,0.9310192758797043,0.030994951953980943,2,0.009109943882201654,-0.454738982264989,0.02642531686349603,0.43694890344889536,45.39733949060442,0.885440848510793,0.2012993485600898,1
146,85.1666825375885,8710,8.532104819572183,0.4854149692986181,0.4522024791035387,0.13180682989667936,0.8349587185117715,0.3900368423074344,0.7078806952365353,0.84141643602535,-0.4770141925447613,1,0.7760221784402446,0.015296172035249134,-0.14916901145496664,-2.721409235165906,67.85615166350871,0.2329145608890334,0.44681025424740106,0
152,56.852634372376116,7000,4.819405118902411,0.8059715563605743,0.7390914219929531,0.8870427444469619,0.4685102681422793,0.6120451232916292,0.7479236513114172,0.6474469237512481,0.44529440412213694,0,0.6505849866461234,-0.3688533836400498,0.7811022975389312,-0.10244240794166437,51.19158113703999,0.4508566826176089,0.956199870014404,1
120,106.4358249839637,6654,7.214094574000871,0.4360578794114475,0.6865139430432525,0.2750247724877978,0.7109912334575098,0.870748236698893,0.19693348744087025,0.3415071106840436,-0.3572977996205575,2,0.21262474936350728,0.9821706762707187,-0.14086673438574282,3.7393353726736933,52.18610054069289,0.09666476716567107,0.7228541796753541,1
86,67.32099066915572,10078,8.049300936802931,0.43908570820722465,0.8150721006758068,0.22361261979266478,0.7524086747458167,0.9225231319498237,0.7772955758390735,0.7795764488612695,0.4492183871766344,1,0.3747509161760937,-0.1371370659250235,0.0675527874700752,-0.24606495076645718,78.59715833419614,0.33515314262232065,0.8282830451682474,0
140,116.81934279147217,8063,8.736976247932233,0.28564574284334887,0.8774521266031688,0.8570969396099158,0.5045264050428346,0.6635783796984274,0.8320947360831149,0.575208293062801,-0.430257586329047,3,0.0078066944888902645,0.7395983071844325,0.9105723920036446,4.159280952945309,48.918010027195095,0.506880444032203,0.277293896906476,0
105,38.55255157031212,4285,5.6867007050851175,0.552046437207519,0.7731835012587582,0.8171070991667613,0.9777349805068225,0.6955227674831648,0.36126638840598957,0.9852699881009016,0.50494618187152,3,0.693683814971205,0.7930196712277289,-0.4006164682508708,9.50278348366946,75.44600903763896,0.7327402143357924,0.6838230274535032,0
117,106.86231679556109,7223,7.624905849620262,0.7837695251979377,0.671587742938926,0.4483464705246336,0.5053478665807698,0.7687787807242907,0.21336306803297123,0.24750612856980403,-0.9387890073261915,1,0.32266813750971923,0.6720139994446999,-0.42201813611611727,5.061017399615238,21.146276436184166,0.19807712005863176,0.8624381433779964,0
179,97.65968527917417,15521,6.694065045198095,0.9521766444570281,0.03172249181603115,0.4892388614277745,0.5065347518279337,0.9729677291006007,0.3850506792036167,0.07965584093088696,-0.4333773292523031,0,0.5715889152967192,-0.9062035181096644,0.5991901598840854,0.4398904942843256,45.97179120031008,0.21809212840646586,0.4794115148965845,1
112,97.0921844644052,16889,4.303144630332341,0.6830375935432769,0.534966673409444,0.21774870483402198,0.949100282784733,0.7218689726611536,0.7396079690001371,0.06989181188794769,-0.002732987119442143,1,0.9567276279144629,0.8954934632267029,-0.4449220277120627,9.036294572073023,45.52352250829301,0.6315778405210494,0.42989186023075865,0
112,104.47832281168877,8971,7.449998686544717,0.8905084301885913,0.03769772491485279,0.0783016704795575,0.6791232598730026,0.6916326816194424,0.41763900586870273,0.6400303883516804,-0.909880836160549,0,0.299466712947585,-0.7425148757336462,0.66373174014641,3.484529030517159,79.90682287173736,0.3824577834543116,0.7194045134317787,0
140,96.10239909429988,14755,7.450482791189217,0.8579957194321817,0.8080678171160226,0.5734318253556611,0.43791296756470977,0.31017389468619344,0.7366518752247879,0.9392602289115238,-0.6279318772574427,3,0.9902378840873183,-0.931192744571411,-0.8089287812767101,-3.0744140220115,45.16456928205023,0.48209486723234785,0.5599116862447463,0
103,82.62203216314154,5525,8.653034024232685,0.3386744423802247,0.3207245244599576,0.09834492159021313,0.7589124999631172,0.3566647914156492,0.11356454097753765,0.001931914291505188,0.8690739632824065,2,0.6327283860075664,-0.17126078418688495,-0.7774775053810632,2.484715077906423,70.66617058920664,0.8361348687787407,0.9931710831940439,1
124,33.12448776823876,13531,6.4865622308448625,0.5886539431301052,0.5624293741179209,0.4492745469566498,0.7610958091798288,0.7040201386367974,0.8060117104884844,0.7257710469577774,0.9536685303603785,1,0.24208866628550496,-0.6107319344842879,0.8026467483255435,4.804546673650748,75.08195216862919,0.49908330106452514,0.42510280072856166,0
69,23.25261794912519,16721,5.151254603552573,0.2935388284203132,0.2794453073189026,0.9404971985130107,0.4387004552119371,0.9553682714650422,0.2532074816423574,0.6570651825329454,0.4794998947809712,3,0.43677788302125775,-0.6316069406735276,0.08162456496487058,7.573815487251078,72.67404353576921,0.6524993806091711,0.1759432773249866,1
108,112.08478478156869,4822,4.222819117243396,0.7457225292493079,0.7825001443802936,0.9528343891705844,0.9835134973801972,0.9066839438795764,0.2489289877145937,0.7323041922194659,-0.4955998987661743,2,0.7404531223835897,-0.42436077324769883,0.4376285333884775,9.04715180061471,68.26349448389317,0.6567750416599722,0.47193505278631287,1
155,81.6650314520738,6943,6.078210933429529,0.9599197345968609,0.8865025266419025,0.2393322865473586,0.7264179791767453,0.9878052460945432,0.5903809652038607,0.35540540676233556,-0.478965109128062,3,0.44647790768308127,-0.5031887895062903,-0.5494222162749114,-0.23875799425422173,53.08934794795157,0.8036119429560182,0.23520499309773135,0
62,99.65372909761763,8530,5.509583500387509,0.3096715664630052,0.39864249421306397,0.6241134200456544,0.7358774333078586,0.6694838262928917,0.07011804574698965,0.8204964446578551,0.29158071559014576,1,0.06850756734155239,0.3695908043003062,-0.6674512632357834,-2.6673145388144484,49.864398214704835,0.6381394884910242,0.561253820794501,1
107,68.15223515125501,13116,7.805441530119378,0.7871065046420331,0.862922393510989,0.47407626410785764,0.7120692487014367,0.8515516569064367,0.026297726684668565,0.04470693141886195,-0.7648007668025965,1,0.16860366138254235,-0.6264453867278599,0.6699085244652803,-3.8925703670917637,65.16672467007118,0.06480982565386251,0.12579699243794584,0
114,31.730818896239448,2258,5.771338824205233,0.7057905206942887,0.2670750074563324,0.875685127586106,0.7664390677867721,0.8882802320425383,0.26102866529344926,0.7554311006220276,0.8966187608607332,2,0.7912977457839455,0.08623661039451713,-0.2827531859535024,6.075319040624242,25.096248198746103,0.34217298268684015,0.949976273549186,0
162,32.51857922025504,2282,8.74535598157422,0.6668840296064797,0.5346609230755238,0.27143086427605323,0.558579851664253,0.7536221601316032,0.5380675507348227,0.26707194134908774,-0.5503742009796309,1,0.6483730757180614,0.9728530922870595,-0.08993476175601112,6.92737379073148,90.06558736412208,0.98931618350921,0.859822881540161,1
59,88.55652872289714,15937,8.811551014938921,0.5120961877506713,0.858761429838704,0.003702406832416849,0.5723448087849045,0.5371249329501551,0.9076163862252272,0.47683777485807155,0.9992712508508876,3,0.5698254773321337,-0.13523515808742226,-0.944056205449282,1.1405969039225026,86.02521144242745,0.19651028880791876,0.1555653971088704,1
157,63.030589489946266,3898,7.10454295108854,0.4841053182030501,0.3258813426157904,0.1625612059314151,0.7068034538776797,0.6289849042604561,0.8464351763073069,0.8226362715572205,-0.008532409395079155,2,0.1676219707554013,0.28374621759087293,-0.22823853161406715,0.938881107604435,47.71077736297517,0.5867290784146886,0.17239292274700968,1
60,40.05247267003367,6135,8.643301435074415,0.2361993512151103,0.9540422650780858,0.34952280116939805,0.8840115128581477,0.9005419505704975,0.49044645992097546,0.271359035191137,0.5428599779858727,2,0.8377574453503394,0.9387433554597473,0.5408756162499568,9.313555474819479,65.3455298708505,0.8429406398772615,0.5124386744880165,1
163,69.15945467414369,8629,7.804271722572478,0.3743269666016108,0.12187950178138363,0.3157211297704886,0.42991874589650736,0.5089835481875147,0.03705199369349277,0.18520751164389349,-0.9956318109888855,3,0.9607401095862501,-0.7247220039172715,0.6425503545723388,8.75021987620491,94.57821585475706,0.586558560747354,0.7728813870417252,0
170,26.420893707513407,13168,6.734298204875631,0.21214150582946154,0.018275069723506232,0.7913629191228859,0.7620425273321476,0.9466201918866539,0.5352527346293091,0.6813131853478842,0.7774928095032838,0,0.040887097490669544,-0.16278598141390122,0.39750957776508367,-1.5010114712443516,41.730943792967736,0.37227025812667724,0.21907933566752946,1
148,78.19714019143987,12459,4.901539677113891,0.6651336844656164,0.9041353525781907,0.6805606661388378,0.8840668855037883,0.46086443899586554,0.7047955999252955,0.5333948915068045,-0.45999591043883914,2,0.0780318706538553,0.7003848003905082,0.38435946708748436,6.712114716247109,79.39642141558826,0.08022856271770573,0.060971719559531845,1
101,46.89934044350977,5200,6.2929897175692,0.2846825887023271,0.06864866614787224,0.29955631961489726,0.4941503632223363,0.8246614906097465,0.33916453252503376,0.5144038687461845,0.3358734890961306,0,0.8847245033145648,0.8646113654897596,0.0124785331943158,4.340505943494101,26.61854458568041,0.36166490253609496,0.5455342765826151,1
153,99.75591006371882,7110,6.8043723168130885,0.8984155152237729,0.9918891959474917,0.4577438171662134,0.4090135251883398,0.7413914640420167,0.1110633032816547,0.25676951553791316,0.6127105615871793,3,0.8155522540321283,0.20247211591781022,0.07665865851964604,-2.6866589132054015,61.869771797677686,0.18206751157428958,0.69159711410201,1
109,51.03619589235738,9167,8.319807903675052,0.6185144165577322,0.9513968619791061,0.09555910395833522,0.5876279770848749,0.8247196087845337,0.2785679532056594,0.03488030582002766,-0.6717045188819959,3,0.6179344555112937,-0.7131587949195533,0.48526349362628696,0.35156570629840544,90.71753035578381,0.96086281628198,0.244365491292717,0
106,65.52201490818013,17879,6.406666882678325,0.7597519272469668,0.13702091003632066,0.8981464448201008,0.752886224037759,0.6061433007028163,0.7715888644678139,0.41026913833171685,-0.11498103734154208,2,0.9449652089861379,0.8029431678953101,-0.5053964023445543,-2.337905880387763,64.13674273192588,0.7150318415582864,0.7397677877506381,0
67,21.162053990810065,2612,8.488373363389783,0.5286856734723973,0.5375846256925658,0.9354248244485341,0.4829699040428487,0.9528487437877893,0.35124383228332834,0.10655948046776798,-0.012328118696153245,1,0.6464305779920032,-0.6511068676181149,-0.536965863507888,-0.5726594176724209,69.3002261469681,0.7493831543598622,0.9506437849446087,1
168,27.24468877945589,17263,7.371744895117344,0.6484638472008389,0.18492029746714433,0.9798035353809381,0.6556734225834913,0.7427305416880341,0.8119814906857101,0.9059891506492022,-0.3757610693215909,2,0.21598527572950332,-0.2942443033357629,0.8998496478281093,4.229517636600274,92.61114346476353,0.4359692660003781,0.13707444268547286,1
178,59.24935564066848,16203,4.684995315268357,0.9541273415733045,0.42815517303011985,0.8685528307858377,0.7313928984245668,0.5018070631879794,0.3195214518074758,0.04125032347173052,-0.03648834054203709,1,0.7286423237169002,-0.2489840444754765,-0.9446202264824493,0.628982065651595,77.22885120398422,0.10996482813170616,0.5110290653086953,0
160,67.99388347171235,2687,8.974906846625466,0.26618723169893665,0.06142512925983268,0.17396088769622553,0.7593298568543903,0.7469185494565005,0.16355503841381813,0.4316508541843814,-0.3649086846893239,0,0.6457103447456373,-0.10541692025474392,-0.7210690726696369,0.9108927975378576,75.66957441794125,0.266716486167321,0.0568419506815826,0
174,80.00205481193038,5690,6.636163303769563,0.40315021753895697,0.22392458779658952,0.046196483201628835,0.5646470326002251,0.5007710230449218,0.43584835951360823,0.05224558370082788,-0.27850450988958153,1,0.9857447020100294,0.5803316318618992,0.14066485240249604,3.094709389257847,66.91072176743188,0.25971110406633013,0.20666100723071557,0
117,49.16625787093032,10804,5.959291482045394,0.8239906615284356,0.36327279639889953,0.579596727412674,0.6400177815917748,0.5055426742319119,0.45227451228913895,0.09554387456476632,0.3386623574054779,2,0.21389573637479176,0.6042887562049692,0.4756696773966971,-3.691637917374159,70.63908913539348,0.48677935080154366,0.08981935346107328,0
73,89.49818861265426,4307,7.295568822347633,0.2789897655061327,0.4386475002460548,0.9126050268831104,0.8670035374405352,0.5797189581346075,0.016108218549336972,0.658866666922022,0.26518653660999414,1,0.597884936362599,0.43931014655622835,0.07578216597002352,6.081959347741222,84.29643392132938,0.46097978669335715,0.4040066230802025,1
146,106.01223971892045,9133,4.544466569905195,0.2605288831232887,0.9774962582088932,0.17735136165974286,0.9647288164724113,0.8967012922983832,0.11704507270632614,0.6471112609740945,-0.5354685484049495,3,0.7801675222251225,-0.9557426511568368,-0.2898720076702317,1.0256430012001,98.33864666377954,0.4334082173718403,0.8208317903747576,1
112,97.98509888933498,13205,7.182693233766772,0.48923311900323085,0.8078656456839812,0.0070429146241418605,0.9171281986709543,0.6502085120757943,0.18492601877281745,0.03305219487943978,0.7949657695908492,0,0.3389830893381708,0.12969020443430312,0.9559522387059352,2.205956323034803,83.62602832065504,0.495977466692741,0.5771304505217814,0
144,23.961882534835716,8509,6.491180002496365,0.2737343667779459,0.7374099443119462,0.8054960460322443,0.7385701010400592,0.7752305895611451,0.11358731737867489,0.0011314751208701956,0.7255770913427813,3,0.3796795830982377,0.49498591176279993,0.40770537026569165,9.614495932819475,76.6029465301597,0.987023081981475,0.22258483716543076,0
171,68.0506947257829,11973,6.033370349992916,0.6680627537649625,0.5370413147419743,0.076795684286734,0.646175681766368,0.5743774181921241,0.3415260754213638,0.078818077242784,0.018166613379903218,3,0.8879018383283207,-0.11074951987691439,0.6627816821341581,0.1655033247738107,30.84359068892119,0.29835363065288334,0.040110647095723095,1
116,30.493017841817487,7906,8.765100105894497,0.3810202006532799,0.8399977606043434,0.4137060319100304,0.5997739686228509,0.48452380786481697,0.964622855617018,0.7629988977119422,-0.13349851460849926,3,0.40419487960888134,0.8898720907307929,-0.9195062516235919,4.723284039608881,85.36643099533546,0.6152691603435876,0.5533981952867529,1
77,44.204501586252746,4591,6.612698583660267,0.916558370559498,0.3393228356557111,0.678887337188785,0.47497393965041085,0.968248112501362,0.509222538327078,0.5845764727515071,-0.24628803403178234,3,0.6247328518956144,0.647621043760702,-0.5281597790532326,0.8875647594371605,78.87954939189625,0.23950774404030484,0.132796714990571,0
181,118.66625932671465,12888,5.095587397349692,0.8268000646762055,0.7088991127733161,0.23679758545618013,0.4639307483296678,0.7225068729861438,0.6275560238706465,0.038118245188491606,0.41453583733287824,1,0.8892381375268256,0.2763101309736615,-0.25165781281683985,8.414240780255172,81.63457563209872,0.46660626592618204,0.34273402736375724,1
183,34.24955429015132,15835,6.2948173968864936,0.759764164879581,0.9937839753781721,0.0839625634467267,0.8130145749481946,0.9537659370079028,0.3563864785230282,0.4880970158728273,0.34333211441894096,3,0.20982658309056135,-0.8751496326349733,-0.6347972038354439,7.701344004925591,38.487718259464955,0.2000492331463749,0.510192258913606,0
112,69.88881534513561,16218,8.596937022863363,0.6935552219076015,0.3146289089351988,0.7700212284558287,0.5558766497026962,0.4423891015388205,0.3234877616431461,0.7120293570544514,-0.6076387861240427,1,0.9818772963526058,0.3046924951662764,-0.8542014545817056,-1.3756359235642353,92.27549572327422,0.5581922352997577,0.9037325356861925,1
176,81.81557343181191,17149,4.880477356652973,0.8907725842731706,0.6740175348839673,0.6301750848870414,0.5527970118594681,0.40282591473905294,0.023146771915008357,0.8689513946008063,0.3429160626007226,3,0.7019535339703258,0.8231592025044379,-0.5498166708106396,5.376185689163508,27.782509467748973,0.2650117864836675,0.08182332708871698,1
55,90.2464970544104,14150,5.069785193441184,0.37844964923420554,0.8443148641523824,0.9884904844868048,0.9989170326866714,0.8990760349867324,0.5003336556760224,0.9340364906590105,-0.4951376117959201,2,0.4961216941414448,-0.24110922623809716,0.06727126247408521,-4.022420061541895,40.288964455355725,0.03678891671883078,0.6686075922668305,0
88,75.96486834869141,9183,4.0651478387854185,0.8984870742113822,0.9158075833506722,0.3443080333199593,0.5127555747242772,0.776642048832076,0.4836090067516663,0.32744056295406665,-0.9628833269529489,3,0.4309205643509977,0.676265051210722,0.3914904967134105,9.447780842948351,73.04187506595213,0.81527109147282,0.014081285504878527,1
150,20.977084741918365,7248,4.0709502469788355,0.8315938387392419,0.7179326909401018,0.0617623862901997,0.4888358556932978,0.4306049494775489,0.15783072618112304,0.1358324284132657,0.39841735507475406,2,0.9543646155515045,-0.373677714275642,0.5480418459301619,0.23485162021236317,73.89715710648122,0.1282551121204175,0.6299085523602959,0
180,52.64613082439919,10766,8.146958134792563,0.7985286611101485,0.28360792341713625,0.7343500353352957,0.45921113665595237,0.4885517904644764,0.7643240002067037,0.23692592073144747,0.28958720492149914,1,0.20572482752966637,0.14020658309460554,-0.9141276902645659,7.477641588771505,45.06596530406598,0.3680387991169056,0.5515324893305936,1
172,71.77116433847115,17468,7.660613034214779,0.6490045424599393,0.32628215156894647,0.5217334188532456,0.7478832071000777,0.8604647590677177,0.49267433031100294,0.7761714920402237,-0.1783814752513171,0,0.3116832568459613,0.2968488367415647,-0.14402765557481767,-0.22352950884035128,76.12158216894518,0.4771776091112029,0.8118666200900677,0
102,28.786649914483334,12102,5.775205282259791,0.3969953287764801,0.02075803212396421,0.21320393138913507,0.7767182956012608,0.6177080339971552,0.3389939701615733,0.9714842150423106,0.05137211183901225,1,0.30779275554792473,0.3559900751177898,-0.7555768328292654,4.491561117953081,51.034443012389765,0.43248000042192736,0.5316624728644793,0
143,55.06269312091808,7108,7.491555786137864,0.5388383327935171,0.7608859776715097,0.7817289890047594,0.6191367557541292,0.7693783545542636,0.14690890902292697,0.46639361736038054,0.8943383834115193,0,0.28900633473446347,0.7650986289286963,-0.1375992271106563,9.753861879764976,20.014041268633864,0.725665763690009,0.35261659972613746,0
171,23.320310879136656,5604,5.976029631549851,0.8348565236310412,0.042739606061951374,0.20375548584994374,0.7212480013068807,0.5228464154952076,0.5521608269710124,0.30535321354778977,0.19040036181087538,0,0.4685380452156892,-0.5307554659874358,-0.13204830175940985,8.151247946974454,33.00849058299068,0.5967765959309443,0.2427508713282266,1
183,27.857849715502073,2669,8.764483979989137,0.22542278748585956,0.8646523546027457,0.2606616548329366,0.8730397185669475,0.5668609669424136,0.7528170260888097,0.42919058196003446,0.3157678706730629,3,0.9891792332678332,-0.4752608294220506,-0.003576626575512609,-2.594511351426389,90.60946201745395,0.29537118270748597,0.08524974178207301,0
70,59.69232762015961,6364,8.835263407130174,0.8256406154110068,0.1186606144745388,0.09252855436671914,0.8908625009930491,0.9934987910361734,0.28199935268497167,0.30481314464513243,-0.8721773581017178,0,0.8887867667162174,0.40808198662147355,0.7856612525264788,3.212326497242069,37.81552093835351,0.05170299984067017,0.5346126742964312,0
123,33.271575404306034,9329,5.963968879046717,0.3920565923900532,0.17187651213592425,0.39943227903085443,0.974747245429389,0.47333196102230296,0.21879435157672256,0.2564875232071543,-0.6680110786497495,1,0.32794956832148614,-0.6456123750319238,0.6101910052481789,0.2279767317203527,29.032827108710073,0.7675951182531763,0.8883219266485685,1
76,76.75408482615582,3283,8.27110953170434,0.31544736057728245,0.4765264708322373,0.41892922393741894,0.8945607915537247,0.6545194639255598,0.521934964064577,0.5937507524071796,-0.39809544717682366,3,0.42287011573013766,-0.07145919007207935,0.27344169027278364,1.5150827747243767,74.57604847465556,0.3525271266784217,0.5147444939556894,1
147,88.94649691372658,2923,7.865445208487331,0.29256105454424175,0.7378804151687424,0.5145617903482984,0.7389048620304559,0.8910816402333726,0.15534330251001693,0.0157359803735444,0.07875863605628619,0,0.6694807463859314,-0.9599312318455697,0.7708146458670615,0.02774693828152852,55.25651539277889,0.8897247409999692,0.7391028574658923,0
130,100.05866991090829,3125,5.549999685858946,0.2218000095606521,0.1390022051990777,0.7089642671237775,0.5077941795021076,0.46745624956610055,0.6666133865942849,0.25955224866498816,0.5531817919666424,1,0.017151680696614102,-0.7180413260197718,0.3569372330092466,0.03938872293269746,83.72727491181155,0.3950567736032504,0.2984349382175756,0
140,40.01502442448101,3529,5.16019914450553,0.6188691881771624,0.44007107506649845,0.9061009286804258,0.45985813462170544,0.5906496296790315,0.6053436279442305,0.661382077844989,-0.357518244422826,0,0.8201536586856478,0.3576927700577228,0.6377099215261504,3.1382986566491713,88.91559476526305,0.7176586061377073,0.44813085987476775,1
83,36.74825822590698,16046,6.291173251964169,0.37460789815498363,0.4828512744101048,0.13773409888780863,0.43270713394651555,0.7305639011589917,0.08708204959142862,0.03206269630680503,-0.2872351390424521,0,0.8797980573119195,0.4949232069635079,0.12755660196825325,-2.120539863152711,87.67911019097852,0.9395647032346792,0.3246032034459314,1
123,30.456784033440023,11786,7.906744203072031,0.9915454126237053,0.21228564166859132,0.05434809834865706,0.7999154990712303,0.6368317060325717,0.03652037938137387,0.08320181650893499,-0.4876982296525023,3,0.857200334324534,-0.7693619335242463,0.05043650326180127,3.06093137850047,45.04073753575146,0.6511524506354798,0.10926611135489739,1
101,83.64302495436367,10438,8.800838923643727,0.6595494046977646,0.11555837668063174,0.018531233594333285,0.8845217532387959,0.6216515865992223,0.6202886525885849,0.2933961447857848,-0.4907813414093882,3,0.37505438688553616,-0.544580899177606,0.4481944855447695,-0.8155184420254864,60.44367503745313,0.4134889133975048,0.41698860328350495,0
148,90.64757264869012,5711,7.817895344332863,0.31030821548480836,0.8364209229856395,0.14362137806881625,0.7052103704104474,0.5537568119254865,0.2942937739887408,0.8778047986089849,0.8977276917895931,1,0.46199950736420814,-0.8021911069258978,-0.9606213760484978,-0.6652564363730056,72.01133877175712,0.5673992687859428,0.7642872318372164,1
139,23.158614482564204,10004,8.27603492509185,0.7510100326490923,0.5024656497627655,0.6579494857816259,0.432828504900184,0.7106524294424476,0.08644575317339853,0.7648861601652962,0.27091435923778007,3,0.012388321903755828,-0.13317431214976638,0.3807551432628469,6.081220435534341,45.758646982729914,0.5434451885418926,0.3949749995445172,0
93,113.62122462436898,11752,7.0153215308525825,0.9181948532077804,0.014381235984152974,0.7274770779964966,0.7212823447548029,0.7370608885465272,0.7594287049564865,0.022156629416243523,-0.6881975129201063,3,0.3993953480435508,-0.7477678585107335,0.8690364368087293,-4.556095946600963,23.28794522824145,0.5848200366533628,0.6501792222182673,0
154,25.197128365147243,8274,8.177039154210629,0.7961435962956915,0.8029813013091038,0.7865057135281222,0.9614495569147302,0.7573026786309538,0.3140440030176441,0.5017128166884919,0.4444971561685198,2,0.4604268223666015,-0.12540796566621992,0.4278841596535081,0.7141864401071061,59.65315058375353,0.1468199856413458,0.7586154840508602,0
87,74.12963353010704,12592,7.922104290017089,0.26115188883155815,0.9807938054145848,0.24370821190434266,0.7585679145594764,0.3492576755342205,0.4595995496382236,0.27468749398741676,0.44404228672005797,2,0.9069742930684787,0.4641965116022633,-0.926412551405563,1.1130157023046756,21.025466677247493,0.69850988240131,0.32273622721632267,1
155,90.90605194509165,12435,5.8849277096314,0.9167073449541276,0.6059261954142473,0.3058948132615199,0.8856564930776889,0.7417239229984343,0.23681292745376925,0.648645659062063,0.3329403921074101,1,0.8939876737572474,0.36677726628683494,-0.24422871845455218,2.276652095772591,96.05164997807577,0.14504327166918718,0.7975145596054768,1
77,107.09691237460856,5864,6.759951510603606,0.8351435086879719,0.5037083870840707,0.48313464556549945,0.8800915890350504,0.967266025146863,0.6273170783579646,0.7215538825934612,-0.7305591098186728,3,0.9660970640879095,-0.43907902629630957,0.6191626045425722,5.03516537094308,83.73469168584211,0.014616884317613987,0.33892571696970963,1
64,91.40869321324278,12131,8.023765609948473,0.3266431200844915,0.8784158630449617,0.0631830968602265,0.9592774598683917,0.6786903648696585,0.30148841535435944,0.8628625771292825,-0.18401703306082617,1,0.8851049850905204,0.3475250984938649,0.91721710008884,0.5453017410562984,35.36078212188756,0.6247801006840635,0.25610706046045606,0
123,100.17280830697918,15217,4.230283670949782,0.24142871098625351,0.9525167896845986,0.6111415232112462,0.8621372593899239,0.800686957756471,0.9680209612276284,0.47541623710401426,-0.7864873390111737,2,0.008200709427645614,0.8554242617991539,-0.2596732887272455,-1.8029434354031744,43.00573991135427,0.1169135721755914,0.22244616775986503,0
154,53.94501925428061,9833,8.040396411779149,0.6458484602514468,0.7545369159024605,0.9837350336757578,0.8486203084078537,0.6897126154314523,0.7029475486169066,0.9944500885455845,0.633241008184273,2,0.6414608523322197,-0.304951225830169,0.6823881117538162,8.27309260819463,98.62708384155506,0.7704116367112732,0.19990414572483928,1
88,101.48251137465122,17741,4.889440620245117,0.32482864907198156,0.44545292973428785,0.36080631137800256,0.5404615989823843,0.898318433014385,0.1367222763734658,0.9799861072871093,0.31034428635583855,2,0.06823768310304079,-0.34176169260478684,0.727619750603026,9.715579400218179,49.88388433130435,0.8659659535008205,0.7371240728133968,1
150,28.011484638467515,13261,6.573418085607194,0.8676727620762177,0.5922213993314405,0.7528474750913839,0.4359550931926489,0.9507081662182981,0.41669483967346677,0.8821667244710332,0.014407873535636773,1,0.2725942863799854,0.1428773029640349,-0.7534272013479,-4.699779602406008,82.69778859471138,0.9447367902839263,0.8875092610569176,0
55,109.48166560605276,8788,8.041377197779688,0.48666772533733904,0.7009353650179992,0.500033915569608,0.7105596790322846,0.4289539295074515,0.3854210997298786,0.5748694951580708,-0.3139690469988068,3,0.5783076294705803,-0.5089963779450564,0.6915769334373747,3.1970027650104687,55.74523747354035,0.6644769629063916,0.23064847418528922,0
123,74.75923761537362,2226,5.269105390783475,0.9303139557892603,0.19427357100180143,0.12781184436038273,0.47466052476805315,0.6058020255899885,0.5342471107203831,0.39800643750381504,-0.6315010510111332,0,0.7006138184075389,0.30315785596050393,-0.3515002087227699,0.12553568663797332,89.12767392804882,0.48201489289230415,0.08524029779615394,0
58,101.72977699624937,17036,5.229037196530765,0.6525505377128047,0.44720103221643803,0.5822374488025863,0.9773175257667948,0.5746674706529049,0.8419306744792533,0.36438631013978495,-0.7871048223337842,3,0.6546320259170952,0.6645235413449619,0.18647544313083464,-0.8451563691918613,76.30028065292072,0.3522810807057991,0.3137669762884384,0
70,65.23182845183001,13739,6.013821992311259,0.34613790739173456,0.829821264717285,0.29987426844406495,0.5739548575798171,0.583650586309495,0.5834220151830017,0.012124750087744829,0.9384812150737991,1,0.04905836740864322,-0.08136298980273593,0.07792423871284204,0.03559586304903206,21.832804791292748,0.4909250939863308,0.6578472389213587,1
78,84.35776951965249,17836,8.473213987888172,0.3116790938878401,0.654725348498443,0.034403208453458234,0.9117665220305758,0.38786692685951313,0.06155667759999928,0.2491744972423665,-0.6007027160879539,2,0.10360386956955203,0.3590146498567648,0.32610772747224126,4.583166346393009,43.55119087513898,0.1903522283603135,0.3685200922260389,0
134,72.64026609361133,2264,4.002213907186039,0.6611779500462032,0.4112040672118541,0.6349297301177438,0.6325747751214756,0.8695310081865035,0.655415696802855,0.7188082349491646,-0.8802507465572287,0,0.1285868129312734,0.3037708477659906,0.4809293018894605,-2.1392598465530765,64.6393851914762,0.34842264778909304,0.5491765392112188,0
56,93.15895217553319,11587,8.506915483209674,0.8095068894899551,0.6633625340146814,0.8589323493247276,0.5939165499144264,0.32503637011045466,0.008265297945858396,0.6036320998930665,0.9233335443649928,1,0.09141437676969111,-0.922668876304821,-0.11823780476283985,8.692910674869253,94.09392352558031,0.7179305248344978,0.7443049656751953,1
182,28.162998203058958,13749,4.769035123208039,0.8252045181937457,0.11822241207245987,0.34476976689987415,0.9610951434259727,0.6697586254090098,0.779960460540393,0.9164221891675336,0.09790348271565419,2,0.17823442326932226,-0.6331674096484472,0.7766216442982647,1.9917178740921369,28.16239157131923,0.21742297113421316,0.4084785311550485,1
138,26.03520839905638,15745,8.95043188033741,0.42060592355302506,0.4014976105648763,0.3902955472127705,0.6179935432517344,0.7633148716312839,0.666636072411242,0.05002226691655787,0.5933134699822857,1,0.6884877913115593,0.7870600036362598,0.6189968431231225,-0.11634750276007377,68.09300301688536,0.264067135673665,0.9996948313711949,1
178,44.71032340101465,2645,8.77423496519234,0.363397407129734,0.7931285379630564,0.8910216829672115,0.6341727451978819,0.445228606641214,0.308785658352586,0.1552766031773306,-0.9124683056033629,0,0.8308372511591529,0.8777842947300387,0.5708421852957195,6.482969973213985,44.17413851301261,0.7493282557078487,0.2979492602355025,1
87,35.95446801131884,16546,6.473375947956416,0.21340504359390594,0.220508787136648,0.8136088133673559,0.4636550677677455,0.9340951344691568,0.29244180458951574,0.7892437893521301,0.1338917149593093,2,0.4088138900734103,0.5608792798223547,-0.08350631613141646,-4.75480002145711,91.14622256155522,0.1778359358272208,0.978248351872617,0
155,107.17835665922017,17931,6.563601239063141,0.7433593209609355,0.1859615075574177,0.7149528235517771,0.8022679991695056,0.8869844449173552,0.7982729965463056,0.3585076311953338,-0.20358007176400972,3,0.6927815064283436,0.8424962966553893,-0.9248542283107797,1.4777929860705523,81.21356877268106,0.24588758647337772,0.20302966523311394,0
66,41.92139873580443,9544,6.4077467013792715,0.2612546067468312,0.9508186599164314,0.24879706375314792,0.5733036486865081,0.6297586106387476,0.7833366919246205,0.11834533371787792,0.543928868699767,1,0.2000162612658265,-0.3877026981628504,-0.015487187242111178,0.3295540150184486,49.57621776074283,0.017547562822650353,0.11093174326428978,0
121,117.58652558191314,15706,7.177218228297614,0.5366089614127407,0.2098976295862307,0.9102166549666445,0.7513625007037044,0.5878042526380971,0.35230235437675994,0.9964505051000891,-0.9231487087218828,0,0.9732801516334081,-0.504578056441906,0.7968910682883659,0.07314864984601677,33.368253112689096,0.7200515995351068,0.7508306250943679,0
119,53.68957917711069,7569,4.4536085111746555,0.6813457312146369,0.26091857965016807,0.154415757539213,0.7548110224319258,0.46559754764777,0.2989477280797803,0.7872503026693629,-0.19661886287677133,3,0.3499975228576183,-0.23139962487896004,-0.6190996887849622,0.056070431358747896,20.91983779178382,0.6179035655664339,0.702309656651198,0
128,38.21179156886993,4990,4.163089741707832,0.9496871559357416,0.969615938904338,0.6267705194172218,0.8315198173574603,0.8109952572514745,0.55982478888279,0.40874103675812257,0.5981468389723921,0,0.8458669062048351,-0.8893160028990943,0.9651849440211757,-4.530929333790989,69.6907560537559,0.6943854525115413,0.8111693472424644,1
97,98.96985071424791,15675,4.288514642079495,0.44944170956461493,0.7347085702650257,0.0288011805465187,0.8471448917034647,0.39222065974237486,0.00836565998414418,0.8233474769461403,0.045394529276739926,1,0.945366372629387,0.6197432380826555,0.6153812400263428,-2.7182539548674036,52.4899046104995,0.21432776195331316,0.3435904217333049,1
98,85.87077755008761,12091,6.221826746207572,0.3998177299572159,0.6995965330235282,0.6437198063249459,0.7086714606409237,0.7761664276906481,0.08266703798654229,0.6806038701191534,0.1000774819972079,0,0.8647139628753022,0.9683509702301545,0.41965958456412955,-2.8717226103137836,45.18051942886153,0.6873763907278714,0.9308076538529837,0
83,69.8195716453139,4504,5.377739696097417,0.7233281234288789,0.8529263838545813,0.27714435187335984,0.5985951685620419,0.8897198902828896,0.12616959014873674,0.7899747595698333,-0.805670636068069,2,0.06706765154028893,0.6480585848732197,0.3543199158446415,9.82915757229283,98.84018333094684,0.5963766176932567,0.11948142837307885,1
66,75.53635509376312,12964,7.1101978118549685,0.6953912256428654,0.11582308223679427,0.44967697718372,0.9024705369008403,0.45993010314191657,0.1854118178271742,0.8152063775656498,-0.7353388877598173,0,0.6503071573072561,0.10995066970509626,0.1740517638675252,-4.6675136616408235,57.29137084482521,0.3661229792220033,0.030277101331126155,0
149,91.92017782722638,15537,8.962211446873894,0.46568782664649966,0.7059562365800072,0.3452645520570531,0.5859193896450908,0.9064991820291293,0.5120181266754691,0.08472868329031791,0.3539992107315717,1,0.12009070657155119,-0.4094360590341004,0.4413406464982641,-2.4938951547200268,79.98714269163393,0.4378258116344047,0.3005638851119715,0
100,42.84547413312987,15269,5.93161586538233,0.9424814684078293,0.5036886093282389,0.1727567562462099,0.7045054566815989,0.3233262396076559,0.992241914861122,0.6229728876880957,0.3500932445798397,2,0.005663000525796713,-0.6046042229128388,-0.15618888756135907,9.612617629880452,34.1929933800989,0.5679205032734082,0.7973244634002504,0
184,119.63339160567419,11346,6.869206270522566,0.8758898619917062,0.8291506402841399,0.6219807900938741,0.6407515499222368,0.9389511697705677,0.6526134017473535,0.006785552976827591,0.9582067885045467,0,0.05178344394306744,-0.27187425640668006,0.6905762160402593,4.423848907150065,21.0764206193451,0.4932921760875567,0.6729823072736482,0
89,117.4793162146783,2587,6.078019479536677,0.37918603669206496,0.5081417186651943,0.8819755551406074,0.9130470315818129,0.3828535594959086,0.06129879444922359,0.04345624630117062,0.4239059761311008,0,0.9161491964470573,0.33393905909641264,0.39269191219056165,1.76000680910097,53.405009555841275,0.6418280659693711,0.4362087642226231,0
135,85.03256863469369,14763,8.236358338609296,0.3913140363476186,0.6202413542689121,0.9590842422824034,0.6591511186874972,0.7520314245566229,0.5255793740622418,0.9039800090558409,-0.013513008133105409,2,0.9084635142603937,-0.10587688891835279,0.5425062247590982,-3.8185860043044517,73.25318679541294,0.18097957760599515,0.25625361419433546,1
144,39.95424509291451,12013,8.51118201731119,0.6098402775096645,0.47774212639953595,0.19234636315391507,0.6316595133024906,0.4750577282397592,0.49664521238950443,0.5275637213568055,0.7146556470671057,3,0.2258243877640338,0.8681196401689721,0.5849748443319591,5.04491742449315,60.52789569467676,0.5407099549161969,0.059272786767977204,1
62,88.02282424312914,11177,8.3867780610263,0.8188576813845763,0.4781589235558441,0.7173727740629734,0.8138942157385824,0.8855866738187297,0.1441678158180495,0.7359019858685248,-0.7910540283681275,3,0.5470612147986262,0.7084406859314649,-0.8158599085821949,-2.9329551847809823,91.23730060995128,0.4502794828645408,0.33750557844747253,0
147,27.219840897917585,6079,8.871861193396288,0.2352323035107715,0.7679699780618315,0.6643393666056823,0.7614646659168656,0.6586102526408265,0.9202723688024077,0.838500990443146,-0.10140835820749095,2,0.9550282622659262,-0.7951987680742021,-0.8887184546245241,5.067791832387725,54.71834809497318,0.46102049401399825,0.4600197677547496,0
144,23.065250220580605,5348,4.137595925702076,0.7546681229877654,0.6285664006472832,0.34337778957457255,0.46434810009750765,0.3946688338725509,0.44076524767536895,0.949586767564585,-0.4257817781448605,0,0.49670612969676253,-0.73694955222858,0.6019717369694717,9.687647458000876,44.8802250522473,0.4693820505825953,0.6870238380712053,1
169,45.76828885112137,8299,8.199080810727654,0.7185887179056776,0.6332632016094104,0.019099199353725838,0.704901283806378,0.6996940999281849,0.9945591406097397,0.8693528479227959,-0.7907243861447488,3,0.39357782014575793,0.3524783706002217,-0.4812319579235076,2.9795898792542914,93.28389409661148,0.8814719638223172,0.645971954946431,0
159,66.26229567393163,5831,7.758860865195466,0.3851840767303906,0.4502824838315258,0.6897912473128661,0.8412870329999487,0.5855178271378881,0.4200722952521643,0.4833114486972939,0.5270041694407326,2,0.48324869404462456,-0.5384632200392914,0.16393961502362853,-1.788730182460088,52.54418229075047,0.8186274411366156,0.9473449029318779,0
189,106.82725054083805,11433,5.143472047001824,0.7450824105930791,0.5311094963375276,0.9454948605595002,0.9952448587548137,0.7630134716291708,0.6079577026836093,0.3359703073805115,0.021584060997767773,1,0.7902157615519442,0.5820597540235024,-0.11257828956202753,4.379256263193973,41.57182893116893,0.6295699611705368,0.10039591905286105,0
112,92.7169069766308,10381,8.781600466937638,0.9521465530016662,0.7457176662047873,0.6321201219156514,0.7774881003821914,0.9173322993344215,0.10476253645144007,0.15449323620603816,0.11353743979498132,0,0.4772776325332353,0.18271628465270617,-0.9559215926647315,2.693945316869243,27.812886144806434,0.7164869356023688,0.3363401228791364,1
168,94.2706521199981,15728,4.740889641149727,0.23742867597741482,0.8259409191119182,0.4352927241876341,0.6221758398647906,0.5865723918283929,0.4542278238068692,0.40032148248727994,-0.177489624179342,1,0.7832776812823695,-0.5403389445333,-0.919437483667457,2.997103954159691,83.46478185726568,0.042802636068106636,0.48157808193689833,0
129,62.54933344480754,11172,7.397749635669542,0.45572164423365,0.6965614021440462,0.5251538941116284,0.535690959881271,0.5029164756737017,0.2387658940039733,0.36649357916116343,-0.07932553679452958,0,0.43169744564093293,-0.04262640503881765,0.6542504845575914,2.1716041917999522,86.00731686382746,0.7439917193796687,0.6706957938539893,0
174,54.59349925469629,11890,5.1244510840795625,0.5505413733330842,0.9240729888456831,0.19962880765991753,0.9236981404919922,0.31016056616932614,0.835564798571235,0.5595748419558734,-0.7679652257539937,3,0.25200567121138284,-0.1878474152659333,0.21535512297744774,5.106108613653337,22.66382268521376,0.4861646884536487,0.49545169144140633,1
75,57.10387629846027,3715,6.1569032438703735,0.9194082871397518,0.8203240881472009,0.7505441637537376,0.8887391272681017,0.7023873265019124,0.7839195848675399,0.6655094087572134,0.3458356485739529,1,0.32647272981862063,0.7463187183788094,0.04768615747368976,3.5791804361050303,48.69164787212198,0.3177475645481276,0.9127582319467387,0
155,118.76495637360578,12785,7.5957994847228445,0.9698091572873253,0.5618637898095185,0.746419830009849,0.5403536924676309,0.5815923372020034,0.8241799996253585,0.9783254764450474,-0.1351052807895725,1,0.07782346463716594,-0.9356750500458995,0.8887041669435005,9.804926161815594,79.99011636783678,0.13977696593814293,0.6086723455998135,0
153,24.010919141248248,14328,6.8166232101652335,0.5552921971970659,0.6714060726437369,0.14551730038742494,0.520379254087944,0.5622544533103802,0.7236094377579514,0.7283861861007325,0.6335351462591665,2,0.4973811444092764,0.7916877809335798,-0.6537699481423103,7.387951315634782,95.7105477990443,0.0752087903519918,0.039665409691215237,1
90,106.70314961224486,8450,6.137509156640558,0.800022729713753,0.926308276921196,0.8779783824996591,0.8290820660867053,0.42805472489894875,0.8326832236200512,0.6437485324429233,-0.6074255997138478,3,0.148110924889023,0.3041653657594867,-0.48405832068240295,-1.0295243343349014,50.2254627075924,0.044885685496723116,0.11365596906613429,1
150,77.86754085723933,15230,5.631692154659936,0.6253288190115864,0.6191680442430584,0.26918973947330527,0.5889712371512557,0.601038741633892,0.20082875017492086,0.33509243426834256,-0.5898898131623285,3,0.8115470063347329,0.4750763750967575,0.5134781564712545,5.886347828574605,89.76427451035948,0.16179617489024078,0.7534955614805585,0
91,63.86154191895905,14625,8.198298278543952,0.6302263477931012,0.8248069479798307,0.9822560609366149,0.5838392790171747,0.9891093675083578,0.45204377657980166,0.03450387649832598,0.2915191430613755,0,0.42059057415689416,-0.9947850732147325,0.5504704559158589,-1.7854947592289823,51.49763252257561,0.030143794797741652,0.7157876963462942,1
66,92.52576604151365,7433,4.719071751574068,0.42247961205308515,0.6888105035899871,0.3829030140372458,0.49137414824059317,0.508427907570571,0.6918468799459682,0.28812512885469177,0.6920068467947937,2,0.7650023239917231,0.25647886807446474,-0.19020560712167112,6.735196121220868,34.35957017941185,0.732642242442521,0.15349700182570514,0
167,68.66689414247028,3098,6.150514382649,0.37356499669110366,0.5519363610604665,0.17788405873449964,0.5583853118258979,0.7197930893856701,0.6373924979351349,0.7684479004596177,-0.05560432276364935,2,0.9544604275386335,0.17697232742205204,0.90195686928752,-2.7866354003398675,20.275691502149577,0.2486141190217397,0.05890866106566606,0
67,107.34232380816606,9096,8.518787858875712,0.4304042767392329,0.24183819541535312,0.3517201113456523,0.6565045345555898,0.8435408169209666,0.716354482874087,0.20527194080380173,0.45390773746619995,0,0.849477949713236,0.07441111277259971,0.8765091554303412,2.1033075032085717,46.41448185223038,0.36874042693200915,0.5787178554398685,1
77,110.07018640112585,4326,8.229247752299838,0.6450624058056635,0.4259975194684281,0.44018032869719315,0.8397030023634493,0.8244104762235722,0.2242583831512317,0.7121881936741145,0.9986598429861713,1,0.9514636797458197,0.5717337134117699,-0.9751805698796809,6.859092974591119,50.27800405818972,0.8227162138158829,0.6357388320267334,0
153,62.17209268734554,13439,6.004708812365234,0.2233241488176712,0.9677428248337157,0.06930777303829483,0.6017848566482499,0.5301420012448135,0.09843470904498974,0.5797798425694158,0.9805312794578562,0,0.5679365268707303,0.11174219279301045,-0.6553441953185499,-0.7983094654015197,95.6094023109869,0.11465749652459067,0.1352996375128349,1
159,47.682779723505156,11087,7.815541818006541,0.9257991554851246,0.6577653832726,0.5782183812232895,0.5971626036879056,0.7276020584617953,0.9168065780747764,0.17185686975046488,0.4886736856434002,0,0.16532443398054186,0.7141943791197152,0.6404388833677426,7.556786876974947,36.48562019364982,0.8355940302362127,0.4736193210408153,1
84,79.23503285933623,8416,8.115804153544296,0.325026967639821,0.5643953803389896,0.5976324398689004,0.5709479515314615,0.9098852796891099,0.5601718955673585,0.26162480629182994,0.4791729793564976,0,0.9353959541837006,-0.5347370271807232,-0.3295666303479834,4.662260635509579,50.57845664140038,0.6395403505502881,0.30583152911841294,1
71,111.2363345616691,8980,8.444437120018149,0.3760709414971093,0.9329566255282273,0.7389304553494722,0.6869702005066258,0.31081319941315455,0.15382592450741095,0.4963036034864765,-0.5047622256021886,2,0.8685043905967709,0.6119651779433997,-0.8090746426003432,0.962834936608238,22.012330385849054,0.34202951460460307,0.9313056456368877,0
167,41.06621890056665,8763,6.72252884524614,0.6146209411581172,0.5865117810374487,0.029169892290743293,0.5083820187647892,0.6050140497903154,0.7934365818873615,0.41837470510784747,0.6670792630875475,0,0.8644129910669285,-0.6413744543503885,0.5699983488471672,1.3512506395940775,81.08317880731092,0.11780721306768427,0.2191998033894046,1
116,82.29665835634827,3674,5.022304430273559,0.7680918130698235,0.526082518417403,0.5412382144338301,0.6913784404192753,0.45699139276933365,0.9149299366292826,0.7785638475467596,-0.18979574590575887,0,0.6932744274087185,0.6262355839379599,-0.09083298884958113,8.88987300879783,93.21129890039893,0.09149269734091248,0.7332607259032996,0
138,83.15602200925206,13101,5.276545382519658,0.27658324379551785,0.7593108551502052,0.052907433270664384,0.822505333716814,0.5720426032791872,0.16956351857110907,0.734404642543247,0.9239878197336453,0,0.6249162621860794,0.8809270376571354,-0.015178426569256276,-1.733134999814311,39.025651782119354,0.3355143460793206,0.5181339133443376,1
166,93.3113022415281,9950,5.478473370208021,0.4541557580377298,0.7126656189865445,0.7011442199666534,0.41787430241957335,0.5911927255826691,0.8174124552691105,0.5745745034730171,-0.837144622586129,3,0.014723891861331495,-0.32861171537923184,-0.6272612223676575,5.400439227620653,54.31960885121316,0.14034197271804583,0.011521012026043387,1
140,33.15676851272598,11122,6.969012404048078,0.9749396844594858,0.19316000840843273,0.05572798570098447,0.4058676281834571,0.822669675350646,0.9332250613191283,0.8222747114729252,-0.12831926225454793,1,0.7480540690881162,0.05977262796037763,0.32179010787785556,5.609413086123032,29.76900970927952,0.2677102964752748,0.5169985832126177,0
73,91.58249646820886,14576,4.164048120643042,0.4098743734247566,0.47130827457412117,0.9117278483416327,0.44507374609270556,0.3656753106768102,0.9383616002960173,0.5626695406843086,0.11168097536699717,1,0.09153511748280574,0.3166580458462953,0.10248263624523535,8.83674539775455,56.546834425031264,0.05295580045132453,0.09947214991950148,0
154,110.9032520665641,10915,7.180212343899841,0.45044011605051754,0.47251544281958524,0.7020825668844966,0.7213960370368673,0.6588087321927573,0.9141564616535012,0.9643892566572602,-0.1896875858276703,1,0.2597509361025758,-0.8410566682910108,-0.5866541244218484,5.697464031360109,30.667397091527633,0.5950084216966989,0.6590621958253117,1
130,37.968310887024195,13132,5.82177119214116,0.8691987924944269,0.37822451524334477,0.5073897650851571,0.9126730499112421,0.6949363542591217,0.5464210123601028,0.21722409915108143,-0.5788416189901133,1,0.5514902953513369,-0.011838563591759499,-0.3193369831215864,3.7670112708756243,61.86787955353217,0.1452761169538045,0.5655235303815722,0
63,43.75433249238776,16607,5.47620901244821,0.2401715453523642,0.5172934821522531,0.44150392328117494,0.4029306796121512,0.645910322486263,0.35621131725386923,0.7141319936021527,0.18597697756501974,2,0.4517325848760416,-0.27883004682350654,0.19375857467234403,8.537838085244394,78.76976323457865,0.756732313125627,0.010427227333474565,0
82,117.13950940416396,8049,8.397482853640632,0.5716905350471767,0.4131073977271442,0.13067263041326238,0.9619967827508086,0.812311277143904,0.007272807694009287,0.36994413205446797,0.5118358292502752,2,0.015774389771445962,0.7449112625026162,0.8497445108668202,7.43698044472597,64.26742198513345,0.2181749762779721,0.2046928295829813,1
182,38.097695270948975,3089,6.300011977903995,0.5036934115613363,0.19934548947118313,0.2909993895646631,0.4637671069423215,0.5686538791347931,0.060912226871527086,0.2789661944201939,0.2896771920403929,0,0.8239850584517123,0.7533590374166523,0.8407527006429834,5.751646822513393,39.617566270990075,0.7979765793381859,0.7762250528720227,1
106,105.4385093369579,6578,4.4752652276634635,0.45326940792692094,0.41236648727468106,0.8689591050208962,0.9051901168349358,0.9614769445480533,0.42883901529739066,0.18038747596771287,-0.531102302383921,2,0.8788009580859264,0.40155907909447364,-0.42418819120503404,-4.511324264117383,48.30367883751241,0.18988198622586772,0.27577261430202116,0
137,69.22778564480348,11127,8.133733840131235,0.4285596752358116,0.0722769475731766,0.9044528115624939,0.6897128589897681,0.6372624097772589,0.3993261463915103,0.5525034762615438,0.4632158887370479,1,0.6818729434967669,0.31144894918499655,0.4712419555197698,0.6028062736054212,71.08581901645059,0.7213665637012986,0.49928340116305314,1
165,44.723107440317705,12487,4.238206287182533,0.2730992838883274,0.5757858627744116,0.0007477083705310639,0.7956144323673064,0.6998497367303582,0.1847139095698832,0.21546943274921126,-0.4862043879108735,3,0.5410678586568224,0.4673769185517136,0.5510381610476189,4.478345083027815,67.18043342314601,0.3330746796251973,0.31199861440918375,1
171,107.07499012725114,2155,7.633746120840984,0.4518606634813191,0.8536545489411119,0.5941363914775513,0.7064097906683094,0.8778715763427245,0.3954800280316568,0.20035085144840592,-0.64959527415192,0,0.9607378388994714,-0.2680261979943859,0.6176461999655896,2.8337578653514752,30.94198304970668,0.5831199948890083,0.92152685639754,1
123,64.53052550026655,11262,7.869531108853326,0.23444192217253487,0.7252870843545552,0.7193006090251136,0.6862289351076127,0.49266527415178574,0.1746500654553681,0.9905319050838179,0.3813360308774443,0,0.11995620774819193,-0.1909615064987491,0.1415245695029601,-0.21022510253234206,87.59595788528821,0.03866181432173843,0.5365770177834341,0
153,71.48173539296903,3958,5.763013029644291,0.8247710909155483,0.36039404005411124,0.6187469824576063,0.9009396570186349,0.3526414201339617,0.8487912527758406,0.8017474168457608,0.6855744922278582,1,0.7379100536649891,0.10740944577741063,-0.9789840038008244,-2.8336412673533524,58.015112979761234,0.49524443435425747,0.6961735148560209,0
79,55.92333693997657,12693,8.123939281388934,0.5185822351664093,0.08707120557730819,0.08167976486635398,0.8535318277406898,0.7954487848537377,0.29819487787559884,0.7482768202543754,-0.03692110460685116,1,0.12836061289519785,0.8760562547289348,0.5233525708924971,3.2949487403338242,32.98953796211144,0.14868789470206323,0.08347610469710798,0
177,79.29508514349274,8344,6.578297029282267,0.5551230658559293,0.20214939922527075,0.21772489879890222,0.6900413419138025,0.6381082988838651,0.59856435015831,0.794060625882755,0.06278358627687552,1,0.3818447989234157,0.44799974823912514,-0.7868051003412999,-0.7112363620668045,29.82612340597834,0.48632022724902646,0.04033598753275214,1
107,36.352387258502276,7779,6.316468266363984,0.9148756691601052,0.5454903404948357,0.25034026738138604,0.466981557637637,0.9275529756712964,0.5028430619990868,0.9689228737187425,-0.3945048590575351,2,0.5854845091709787,0.10197848899244666,-0.7662572275591963,-1.504992652865055,97.24414197161042,0.1413591308861497,0.2592281950671309,0
111,59.10815366517607,14411,4.227016407343463,0.7264439870889767,0.20705708338303286,0.8317246313050897,0.4692417755886449,0.9878760341057038,0.051882077593992215,0.5732766887532035,-0.010763969779935545,0,0.7370876905043523,0.5408260297934291,0.2112496052923054,0.9843734058240035,42.52280889388368,0.43708912013937085,0.3091342922536541,1
93,116.94123223352875,8144,5.450145968244529,0.20644728267369583,0.5439731112849675,0.46319943630892046,0.8809236764314452,0.5793765454023103,0.9422337194911662,0.22024387740286056,-0.7360340039751856,1,0.003716100271983991,-0.2582193755231499,0.9670410420506033,6.7823714982140295,92.68748703331008,0.11062082023228836,0.6876805411799018,1
163,45.81334327011275,7063,8.6550498544265,0.9545398583690281,0.23159902476389893,0.4868282119412368,0.7176343728085202,0.5908073113817626,0.5272259782504833,0.862209640753239,0.9116616593659801,3,0.26059788637177617,0.46093340228874125,-0.5149210534684003,2.3178025354946827,52.84682390151511,0.21995151773429578,0.5691305027124413,1
96,85.67366645412922,5830,5.9591198164175,0.389715572782169,0.8489238694760728,0.9348930465545086,0.6889534841316176,0.5855738215440085,0.3250576433918153,0.7427307294540901,0.6007213073131925,0,0.5382003914098203,-0.17864750343459934,0.29162176010241514,-1.7526168425199504,50.87371443625522,0.5950789355038547,0.37457960693498527,1
176,52.51900642246949,11046,6.733502602783842,0.2860913478078871,0.3972714728404597,0.6370858888547155,0.8083401048164292,0.5271878768116482,0.15812656963306826,0.4143083123341731,0.33594612164436954,0,0.532873679161507,-0.4406771859700278,-0.392692708524798,-3.246452865799274,76.07431757195457,0.9766606372101422,0.6541174841780109,0
187,97.34731256866006,10831,6.660108394921259,0.8145025427047059,0.24555062594449106,0.8986677015526638,0.9153049500485562,0.8471809684364782,0.33852663472683575,0.47356949857464636,0.07638874336880597,2,0.637626434946264,0.21944809504458496,0.7974522272210594,2.4848089566219995,20.790663022036917,0.44918476839197197,0.16356574733628715,1
129,33.08736607183498,12430,6.952155449113467,0.6003818526933746,0.8123261802470616,0.45650885534153296,0.7773238866479831,0.8312970337435093,0.020511603023389502,0.4112523984788691,0.584338272455929,0,0.30385358086822245,0.373755119300369,0.1870337842277281,6.915495976333519,47.04716173043124,0.6871736926095025,0.0634896948147059,1
130,116.98210450785447,11794,4.306654778216413,0.5470164528144141,0.34283896480545073,0.14943625851829423,0.8577087414078874,0.6350514093853674,0.3635581553482977,0.9299421602290041,-0.010485520828391381,1,0.5405292510889357,-0.08141287764087157,-0.5850453446870583,4.792270354809105,44.21165697534471,0.5394246710443752,0.8545050923182005,0
63,65.37895413836392,8659,5.810881273993641,0.39960246374619346,0.11148768783878193,0.9299355940740857,0.8591623144701741,0.3312628514652291,0.5314859273045048,0.34353161149829414,-0.400052183690935,1,0.1897867774345764,0.131001462711003,-0.47573789910914344,-1.5177667978512552,89.44784754272371,0.49835793429443775,0.5639461282688776,1
128,43.605046334646396,2441,7.615641369412771,0.6379771918898549,0.5704094914036416,0.45870511566753824,0.6137568692757754,0.5166915110591513,0.8718662458509447,0.9634842786561725,-0.6792515296666559,3,0.18687221440345547,0.3881321497119137,-0.13503853916375808,1.550598785342384,62.32988312166266,0.06470419683985118,0.6490952736374213,0
61,27.349674733001265,8040,5.002801255364915,0.41950768416206996,0.5815642044379887,0.18163142187882186,0.5644499173845974,0.5046121325883862,0.6873744176977976,0.9102717712539499,0.29517117760361455,0,0.5765639634226069,0.535420103115019,-0.7559128759403746,7.828455450161032,49.16561257794015,0.14429740227527943,0.3072422507495741,0
81,36.97579050875407,16126,5.017891887731802,0.9212664042296541,0.7146956752357342,0.30239574030392224,0.8806984403050953,0.8677610723401807,0.1115823131332414,0.6305211422481733,0.8588514900530282,0,0.685472585045341,0.7911429581661524,-0.8425332634730367,-2.335161382207416,41.286344823977444,0.8830577292325673,0.3719549577376997,0
176,71.97739485560177,7925,4.050453033445123,0.37216358378655423,0.24021943320838557,0.050802589688942246,0.6263072750705461,0.36130290139132226,0.1477463244379611,0.5798217731000747,-0.6927628929912977,2,0.12039996668128794,-0.2909115874713437,0.3601227914959122,2.9812085602434557,67.24078470485033,0.4101643150418033,0.08236744715297573,1
59,53.70031764312863,16478,6.187409633041049,0.9074841203646029,0.4437713390922451,0.46830059145638514,0.9420016039136231,0.8639727653298928,0.4281233678183747,0.3700892800699709,-0.6399639098983865,1,0.12278990190422334,0.9029545057051871,-0.18566987582175942,0.34347263141262285,32.133851243469174,0.614332476584791,0.8569881878017734,0
83,102.88833658826094,9358,8.41367190336711,0.6475243405818856,0.28236791904265623,0.8531281719102366,0.4418144180380718,0.7684285565394,0.19570775163878784,0.01833838901064988,-0.13278793318092985,3,0.5653026914604504,0.2745596202461751,0.45245158374055405,-3.1373036775572096,39.69638148070253,0.5282332327149584,0.5924394500789348,1
137,63.08875236618059,6628,4.2595047179365455,0.8627905071161928,0.08095373611568812,0.9335804560066894,0.4349305072452038,0.8127090213913144,0.027849777582755753,0.12762318623775326,0.613798695839378,1,0.2700957522836456,0.5754037653978956,-0.779883599124757,-4.2514411863365265,43.48897320517998,0.3788823795512348,0.08362766317994064,0
163,44.87142725876299,8370,4.955593547480013,0.770276796688764,0.8766138270158916,0.9326022075036438,0.956202496060845,0.6025492313095164,0.8050148801180702,0.7542313233495487,-0.41215454205699076,0,0.3923991022411144,0.3995380869628766,0.2197310958021914,3.3380707696869276,68.63271580855528,0.3878165426109311,0.8045295997250006,0
119,81.714498660403,11528,5.550422691713775,0.7573560891493989,0.7288698044883412,0.12523002562874674,0.789072948508861,0.7758080572012307,0.019522570697994124,0.47154012658816524,-0.49217415065994374,0,0.4007484476475779,-0.5888565493031868,-0.11338641326051913,-4.688766893894316,49.86039672131803,0.5554650059086728,0.4441153695169745,0
140,90.67772168854458,13892,7.658623682821064,0.4594766461560446,0.3014630594588007,0.382053882511057,0.6277596138689994,0.7263202612948411,0.830689605198014,0.1498381341879681,0.23993258292566777,3,0.17855285928491638,-0.8571232339823434,-0.8840026910859429,-3.4483082496059763,60.462664009603955,0.14114180147574362,0.7651013501700132,0
125,36.704190790094984,2948,7.203177964012933,0.3871175451777628,0.5993729928719863,0.02822875965070637,0.8530362488897096,0.8382861366600405,0.14410396303296602,0.263960854131871,0.07122956374866374,0,0.001314633430626433,0.4525729280362405,0.08960395655195375,0.2134642174261181,72.03506110132693,0.38725904025443403,0.012619862089148004,1
99,36.761921628831765,13565,6.079719522909276,0.36870898214463055,0.20126378813447243,0.8551653449714728,0.8033960859961848,0.6127388841277764,0.9746784108071161,0.9478368998469997,-0.8795592711095275,3,0.8531518099690073,0.022105335589152952,-0.8343914505709085,-4.347197219663559,96.50172806461498,0.4469755694027391,0.02873969697212264,1
186,23.667142693354297,10179,7.795344696291878,0.8857533256476711,0.8902366217957709,0.3587557620212738,0.7187206280917577,0.6309779374274116,0.6038739118261901,0.3671328353102651,-0.8370200453814469,3,0.7150019688976883,0.4044267368166492,0.6554394955820162,1.0066783967782724,81.1869917682202,0.9851262236761242,0.17078295878214467,0
90,93.64020150656405,8115,7.048155058284509,0.856341456207216,0.1149063433619103,0.6311170278922348,0.45932400559759085,0.7505033559178741,0.7349829716298955,0.9076819452191535,0.2860259603695323,1,0.6905385581155655,-0.04631439216908051,0.2639149307800577,-3.044524637346635,52.42054244576862,0.3514547692857177,0.21091655614067983,0
124,86.38045276218051,2459,8.480203998286095,0.5524588224098459,0.0038371455078008987,0.7148984380772886,0.887307752375651,0.3756542455664718,0.11048362796806488,0.3046358322935767,-0.06975280170444087,3,0.5465051381133197,-0.375530959166992,0.11393506752089677,0.2480963605023092,79.86202995178054,0.6445788958808689,0.7639555303101377,0
73,67.46308757498139,9568,8.090133745693464,0.3059236907971637,0.5020081977391821,0.4298446697431554,0.9196139144083748,0.6053711138550221,0.8621040734514801,0.5432200943671609,0.9419543831782939,0,0.7009696545781204,-0.42996418148086346,-0.7330619910606819,6.867395306351023,95.97553447353701,0.13741549982646817,0.7066941640165981,1
162,104.41704489691972,6646,5.264068030446003,0.5058018015819667,0.5831278234528693,0.306442336550243,0.5033012131315895,0.9803655916818639,0.8391923428715384,0.02047708336219789,0.35706282146012946,2,0.9356883775476258,0.4610642617399885,-0.42508577299183403,4.395465167149871,59.95044365232999,0.06548138183021912,0.6160881191298282,0
145,100.56701529500532,2392,5.357192888171001,0.6954747633095291,0.5789653202958044,0.9622129101159447,0.91030699118624,0.3262866240420319,0.6529927315417177,0.5218751103735769,-0.9798526760135371,2,0.6656737362292912,-0.4464398370684506,-0.014248205729401331,1.681016166812637,52.83975464983118,0.8715420140012303,0.8848588964833388,0
144,78.53543643967521,14130,4.626782378961928,0.5635225235839623,0.05451192743782629,0.9644882250238542,0.9267083866099385,0.5212033060064756,0.5022748645953874,0.6369420106106303,-0.03796244039907637,0,0.26509140192744995,0.42935374185084174,0.2665670272793761,-3.6225003821725936,26.241495920058924,0.7307349024056865,0.24714878365636628,1
73,106.82712805132586,3787,5.684823628587282,0.824151414786396,0.3140438069184325,0.28943636803002193,0.7296571673731096,0.5198768733625595,0.7214891731316725,0.2343050993371779,-0.171104129929041,2,0.570560051740898,-0.23207974736524295,-0.6335385625156889,4.287244889720997,91.38962965206898,0.317499287594569,0.9044049039044483,0
93,40.58412100367683,15132,8.997719593595471,0.9980982578011084,0.4991989468413318,0.4796250967444581,0.7937074217336122,0.7434248834650408,0.005928215336878151,0.578937176205357,-0.7865722800124626,2,0.44232440336621015,0.541796808637605,-0.9822674437327532,-2.544355212364245,39.71474246349245,0.504578002897229,0.9094710692651824,0
180,31.19196193977279,9374,6.028755843075305,0.3529056707591175,0.21657918562724088,0.9728441586600224,0.6293423920086949,0.37406025159689793,0.5924407553984594,0.6471677720509855,0.8464176717443801,3,0.5564191311121495,-0.7143801484346608,-0.31047962546140884,-3.8512048420757767,25.116631745531166,0.13574418445183856,0.43425976018686396,0
180,46.97496115169896,12449,5.102442173445532,0.567720655727658,0.8726258854858964,0.004868407655503226,0.5690749885055596,0.7399808216152027,0.8474061349292366,0.6868860783817565,0.6100225981634473,2,0.5176104774128251,-0.5900401135913089,-0.03425709088751283,4.959940261894117,62.97627892728664,0.7071602939808602,0.09438620042016888,0
112,25.708685608931486,3138,7.812414422377765,0.5447871215366576,0.08710928946143404,0.41267824837914924,0.8331898881709869,0.36652816845613356,0.35689988717475485,0.7764033220221032,-0.5398281831599963,2,0.8587752852284649,0.37182321144032704,-0.6311329888063939,8.680898467315112,87.67197167692201,0.07033059208743897,0.726559908189525,1
115,73.1169528001032,14000,6.71235501731328,0.44359402619916066,0.48738444167204287,0.10045754968096843,0.9171250894094849,0.3664675531928317,0.10828935648291682,0.3113392429294165,-0.4880384823140056,2,0.6518001033810671,0.1204622403965252,-0.015668988289588404,1.9089015515578351,52.5308044498442,0.7570330569412019,0.33692867264707915,1
181,113.66056922949615,6741,4.748007247634763,0.3584764133762317,0.691416057513152,0.5091579655626026,0.7924465317734486,0.8097283500319374,0.42087724974320617,0.5677769564318782,-0.9359638933610981,1,0.18875847793410394,-0.5922433147568016,-0.32302828286146257,-4.3850613408782895,82.6453976127213,0.5468365102699866,0.7949295174367307,1
159,23.934354066850965,9418,5.903448405804329,0.2525536931917274,0.26175110013448244,0.02466995454048715,0.7069543663879295,0.5268946216829574,0.7271044490585069,0.9815790297645944,-0.4065650968419181,0,0.06301677887537083,0.8056540234536433,-0.08982066778718445,8.204465761278115,86.91168058271967,0.27885053008676475,0.16369028390380314,0
55,32.21099140100268,8362,6.072348577696717,0.9096954537789588,0.6242407369975181,0.40689843139062787,0.495354860106503,0.9841960633996234,0.10730121037067253,0.8981441706651572,0.16924401782670717,3,0.42436378868134694,-0.44811170517470744,-0.3050844988428121,-3.995393508146389,56.3522847055891,0.8625743540614568,0.5395151135743653,0
185,65.21990282834352,4454,7.769148502846093,0.5358789581490542,0.8293851501423746,0.22069907478533513,0.4320752275628909,0.32614705550488843,0.20604856021288998,0.9526654280983665,-0.15831322322666352,2,0.015610622257729245,-0.15785720361273237,0.2569356995736003,8.012698640523807,67.27640527523789,0.9860718703388544,0.5080737303182109,1
146,113.38750175279048,11658,4.1033568444595225,0.5975164148000391,0.19033697509504754,0.5333083624587408,0.6674150741480478,0.6115746646025959,0.14755184682869993,0.3861363985285714,0.9385109274393617,0,0.31829738583333567,-0.5954241162549241,-0.9142059780128566,0.8772905983439658,62.71298388311521,0.254349101197638,0.1003144905696135,0
167,51.61561049767505,5674,5.3450982339915525,0.9335536385607328,0.9172205918248628,0.9959936491006997,0.4296097382184528,0.37919515637181656,0.7969477555752249,0.7869281058966617,-0.8878396614726582,2,0.36802146943922565,-0.22394476331697155,-0.6581894201114529,0.48091807934634545,95.13566893076012,0.8062461495859325,0.36333282567265845,0
110,70.72348086883925,3377,6.58798150657761,0.8210323820127583,0.553558532662358,0.8005361051267477,0.7416007791443351,0.545965276730676,0.06289262245248683,0.6198979517603478,0.18286031779802125,1,0.3755888740099239,-0.01670649977705163,-0.13449826177800084,3.1419606918467764,78.0404548073409,0.7501663163764574,0.08475531344672804,1
171,24.15728590503921,17223,5.3442337122642165,0.3044010112937474,0.29923200430106056,0.8456420916244214,0.6296375147906628,0.9987557154263353,0.686586502114433,0.08273508306224109,0.7166188810140961,1,0.9793500243238927,-0.4095058909741618,-0.2874065688962866,9.356272261663282,94.02742486160905,0.7471901211056694,0.46474030951224743,1
188,34.834320096208884,8701,7.142170237094994,0.6523359740861939,0.43085827538227073,0.6352649873590809,0.8543134718091816,0.9221897582169722,0.36645692075319136,0.8239803891570654,-0.03851817518055478,2,0.30390087697246826,0.5381873463929667,-0.2167360880923659,8.481108176289673,37.60079824495775,0.9572356114840272,0.8429045586137929,0
112,118.66301229588468,4597,6.409337396373083,0.5538018212156472,0.31219188378638796,0.04155984827225856,0.58338909810171,0.3338270861987778,0.7557912428853023,0.6771012763573646,-0.9940745588792064,2,0.2652274953786212,-0.2121340427075058,0.6075213897609595,2.0549513245715083,44.818948146613636,0.48661709230199235,0.2702047633041317,1
98,116.51186964360456,2141,5.808551274297903,0.8377688580630103,0.7251111599333161,0.20679767604414412,0.7557896205804593,0.6942790906779783,0.9643834187840377,0.1989173595152668,-0.5143970003474496,2,0.12938093106754123,0.45901999991753417,0.7726633164947314,5.437348465357278,25.673077854405413,0.6741680405566547,0.7648619871874375,0
115,20.49399809344096,4659,8.746043134352561,0.7793860380895594,0.7963006634151322,0.925064556447055,0.7226101130530602,0.753475613377105,0.1145452995864823,0.07973855742946134,-0.3524620486640677,1,0.5110088356826128,-0.5858556492195133,-0.5026624330048599,3.7064387851511853,59.992636535664616,0.8238773636258041,0.18342741561245635,1
101,115.18117854232389,6596,7.160797495932287,0.7523245775288576,0.832937392318661,0.36611311792875123,0.40282745531334474,0.44667423676508794,0.31438504106745846,0.8370221306483306,0.9319889891149249,1,0.15367430621362066,-0.24592900641364257,0.672782120572611,5.40192368594751,89.91389435087287,0.4795364450430264,0.6737349274906514,1
134,83.91199378155004,11031,4.649706861339706,0.47243586838391755,0.9857682495857412,0.10363672648079558,0.44343363895858623,0.40157390137751514,0.810125427718857,0.07890182949120106,0.8235465636773989,0,0.6162947127307845,-0.9838834222089297,-0.08242026941928438,7.439911900931456,46.14773577045725,0.4814312028120059,0.9155373999304496,0
172,106.79182945200222,17037,6.800458487216977,0.8439709843194036,0.7912842924966835,0.702405365866202,0.5742209274916124,0.9330667942658664,0.2661583860511765,0.09135386536643664,0.8983410102152607,3,0.15515977893834954,0.5172751678274234,-0.4523587614275584,-4.482592566971092,30.262568555946523,0.31865475406735133,0.3239280815657698,0
74,65.47398556338591,13810,7.903659266004505,0.241913036475889,0.6013840706885634,0.2994577239342546,0.929341048612459,0.9781715090383636,0.21512059704604092,0.4274082879043153,0.6515169152339366,3,0.5766733177592012,0.25177328866096826,0.9709121420093567,-0.11360219108153746,25.47570039432424,0.7808257128271341,0.9004116380886182,1
101,71.55960285792503,15970,7.542448487463987,0.32769992114573376,0.3392202983917838,0.2688569129041717,0.48820897293986715,0.9943250001237491,0.8253779778689717,0.13479782841947707,-0.29670453177219125,1,0.8262692391746262,0.6356466498409123,0.6496035828683346,9.389936623508008,55.80002180189236,0.6861957796855566,0.5054209265263945,0
103,68.88465802569202,7661,4.860446146476297,0.4684986183823294,0.5445954487107494,0.9979774555582603,0.826536598276325,0.8528332416142441,0.9870823640059703,0.9136695974427194,0.8117528441924011,3,0.042524633519092636,-0.08877842379457346,0.988506638173072,9.240044627873862,33.12173957030106,0.45113989950104993,0.3168051331656575,0
68,86.68642575461044,8142,8.862099995200516,0.26144595285542505,0.04106817279040542,0.8581389250266543,0.9840199396913724,0.76445144858368,0.5568805901479658,0.4702839362632367,0.9633690118740976,2,0.4197469749182059,0.5994812874256783,-0.6636184311434907,-4.831686650338062,47.68832231080828,0.4193366573987367,0.8965082351115314,0
55,33.96512547563129,14109,6.244068228733029,0.3879954220277533,0.7448250755299131,0.40793781836784104,0.874340531614693,0.5420111765350986,0.27804874833333926,0.5691509806545715,-0.29985737545009417,0,0.4610489672188355,0.2951650885419568,-0.7123146521042827,-1.9783980511645058,85.59838464659495,0.07258964316911865,0.03203726676972818,1
171,22.997358987267795,7626,4.795125018701307,0.8641207863983345,0.4459555450921018,0.9802612078164991,0.5457672170122264,0.41997881862732667,0.398565961600054,0.9281060894780875,-0.47888806802710215,1,0.7910721434781124,-0.9927741349315227,0.0067559058884785195,9.906550635165441,50.723790620601946,0.006501146828415516,0.028018851272810452,0
108,50.79299415911909,10787,4.90097877064074,0.9586012302320635,0.02002322973218762,0.6501132234192136,0.9450191562478489,0.3552864195563622,0.170130327383609,0.5302632256383486,0.09383258556444263,1,0.4679156319455442,-0.49261140982297613,0.27728752006910784,2.3923761384922884,68.78967346050845,0.5288939665318434,0.5998296042063329,0
172,90.46807627366466,12096,4.491174960945402,0.44368188461935243,0.06250694151041081,0.7420224518797602,0.4558642939050341,0.7853082279860444,0.7618872788907525,0.35359114595731855,-0.62569561480214,3,0.5675357864563202,-0.012217295587503951,-0.6578798149332967,3.592990059502789,60.17280446582519,0.4174928523515995,0.7967507173302343,1
57,40.185345212294834,10472,8.017590542174672,0.4116126431910706,0.38746646382175665,0.03151304308221159,0.6808851651224415,0.8493063906255507,0.7734740178227679,0.7971551058158318,-0.9347515571872396,2,0.7912042535880711,0.23737469942394251,0.7208613361770853,-2.503697217163212,77.48266343760291,0.7960367599017643,0.7515463074381062,1
66,87.34324333249174,2423,4.6101524716092435,0.42391412179714155,0.5834215190184351,0.1216052593480571,0.9325251446358482,0.878517556718486,0.8751209923824944,0.4428501974752107,0.8916623422317393,0,0.5597584929292907,-0.8688182706707257,0.0640269573267267,8.415034131377944,32.4931967190055,0.5426540563071215,0.07946950335160552,1
128,116.99120461072704,8999,4.6256262857087345,0.4221752698806751,0.4642039489521267,0.6330851264962384,0.7847594255541219,0.939635502312659,0.026602563596563877,0.3184694256023054,0.8514812648828385,3,0.3582994135195824,0.41015985636758345,-0.17811633355870504,-1.531035505263307,93.6352829186895,0.9367060433822255,0.9502511935335578,1
70,29.39007157894184,14557,8.252358073804189,0.2287441457487784,0.6192043172921549,0.8990239826494839,0.6481867388366194,0.9159506945468614,0.5619813416263792,0.7232294586055346,-0.6746922924757579,1,0.08584227762058227,0.0870721952945197,0.2041073458540903,-2.1552855497069516,71.49062380400282,0.19614079886099856,0.7030635376375156,0
156,87.26021182251263,6249,5.7230204222377985,0.9415330770648864,0.4802942587913558,0.6237437260875957,0.5756877200423013,0.9998188905806649,0.2142554343431844,0.801605676613043,-0.18451950614056112,1,0.7299156295125776,0.05155861363657133,0.2699074259445784,-1.5781639501950773,41.67629852640858,0.9901503403850398,0.949112053727739,0
171,64.37502193045711,16949,4.154289521540362,0.3709585132562627,0.6617038454813468,0.13402489431899178,0.62505964319101,0.47084480767707587,0.3408830154923571,0.7917161675842714,0.6620726265453711,3,0.8711381501621551,-0.4159088838041698,-0.9144334380324117,8.79432553961513,29.86029665104472,0.29791919431210634,0.3290977589741021,1
62,106.81422543775054,3750,4.259476497592054,0.536003259265124,0.21912606467080087,0.11576004624632463,0.7053650686055717,0.8343153306485473,0.7849556152865075,0.9776744141287076,0.32200059764170597,2,0.970064537020164,0.18964619898115376,0.9997853334100986,5.542700607652737,31.978045131695225,0.6424239735733059,0.6939391279828174,1
176,37.71497894473859,6757,4.710852233519478,0.2077495061927742,0.11284318718362141,0.8441858958240817,0.5914263579236845,0.7105216586623584,0.19203365236149617,0.7866669488749627,-0.21042498165857215,0,0.9265998807715683,-0.9450142207364507,-0.272160846391049,6.528945917354125,82.61303415168865,0.5018537136166513,0.8599387467334852,0
146,89.26259522261645,3967,5.066966739878447,0.8863640727320459,0.59643395462566,0.1393023387079143,0.9813807172493798,0.4828715927175077,0.6383417505810897,0.7699334359486862,0.48834199436563797,0,0.7974179088332487,-0.870599338992023,-0.8769147061802076,0.6555453727637914,67.04880426503664,0.3595764012492494,0.3804642231542933,0
144,103.81152896481102,6088,7.325730971192026,0.7849258755639339,0.48468951693630746,0.5202319605040254,0.959846591839687,0.9873337256008599,0.6545661912235982,0.8574852537362202,0.7940947764203818,0,0.6434719322457282,0.46774017442568305,0.7046463495510304,8.63765522395842,50.46066325745467,0.1393091832654466,0.9648599187685701,1
114,114.46142194740233,6178,4.786631400009141,0.9574048281389627,0.026867654044935296,0.03711331996230227,0.9224028809285925,0.9285286733419764,0.9540939149023007,0.00018519529544280822,0.8523166610517361,0,0.7814601458306384,-0.3562173149320722,0.9860373584246245,6.841119285090846,46.6320676949504,0.13483415145221167,0.264992791220541,0
82,88.32480282896458,9789,4.59437195588536,0.8252923833571193,0.38048188549303585,0.08066976739117737,0.653097901313592,0.3899609679108815,0.775160928528937,0.36243141118777067,-0.24230077615562196,2,0.4320837128520679,-0.3060658487510324,0.6327170184321804,6.258960437609819,88.46064035204242,0.7115058273781953,0.3156136260212207,0
155,69.71747640084273,17282,7.823595707381395,0.4509652096416522,0.10612558549099549,0.6723482676428648,0.8147810616011373,0.3183108396263939,0.8036351471536934,0.7376030960344221,-0.6528786398543622,1,0.594776214790835,-0.5832295934870964,0.7037649797196914,9.564104255094275,89.98100190251688,0.37764138297631134,0.9203285766270387,1
95,81.78472402012139,4946,7.355276419299572,0.39829868698273896,0.5313568317526952,0.6891814104275167,0.9416975842215788,0.7818315336328738,0.5316007490178934,0.5997190111102774,0.8256777163879503,1,0.3486998091391852,-0.10875861580013568,0.25187022843890183,0.4929524619002299,66.50096307354343,0.9612979741329427,0.9696597465027033,1
100,106.89049844787182,11641,6.176621107276181,0.7581730460426344,0.39577767966043076,0.3414694066084424,0.9102576926073568,0.7228914401995745,0.18678080716237067,0.17757200263161765,-0.8148891082779435,0,0.32670921498038274,-0.8960131371773994,0.8446511564418657,4.164604701938218,61.9635252532029,0.32564848650633804,0.2851957483051497,1
89,77.06097466388297,7394,6.746548857400519,0.49129022000839956,0.6131519111030179,0.21560976524304476,0.6485962084121246,0.9550709368778021,0.4255633657183516,0.30373308908854535,0.4433767824563273,0,0.7566917732760338,-0.39927355285777266,-0.9285228965450649,8.648945484658244,85.31584336612572,0.9835237217479629,0.13639003964285845,1
188,23.038705969683686,9880,5.559920101632093,0.6529720126020933,0.8056022187702383,0.813710270757308,0.46743162959335643,0.4638037010122589,0.5494895735118204,0.3367926110821068,-0.7190053702783967,0,0.4539327823035617,0.054247843555395026,0.5334477259084021,6.863334147789287,79.94681438355002,0.20542325659526273,0.7590554097105976,0
136,113.09486955069778,12523,6.412502101176804,0.2050059768211762,0.2996686838414908,0.21710322946989036,0.4453782183007297,0.35907156352649094,0.6784192517137123,0.567828111172316,-0.22122629066461563,3,0.21216126293102922,-0.06873615688172596,0.34142045666815113,3.4506843733842256,52.02601466622308,0.10281438623105355,0.9296652663004482,1
169,88.95267510315611,7075,6.533363244913729,0.2495085613443802,0.9621021041650275,0.5420270696663797,0.7462384271354217,0.4814507336403905,0.6077091118319272,0.8315982964410764,-0.1768885069099453,3,0.20193816194186587,0.9993392862460675,-0.9008300589519955,-3.856794728297017,26.619094780068558,0.31256973352295714,0.6007136437018746,0
101,87.65133857772466,12412,5.936186355890479,0.628294352945321,0.5356345005875744,0.9682088408629055,0.7855767611265589,0.3132493483580244,0.39397782891724353,0.9324917797776798,-0.6824841697758333,1,0.8591723615699336,-0.22247069576617995,0.08794715795295871,4.790851593335098,81.48000858902222,0.885584789428589,0.6345189544062467,0
64,41.567515239771716,17686,8.532861053360815,0.6528573171585321,0.618290798754788,0.14785243786238378,0.9099055627582144,0.32512492583225266,0.26531310699584143,0.750092412853639,0.8453628680132239,1,0.6777604943626712,-0.22600188149138223,0.03012069151573904,2.898333353017782,33.496082315219496,0.5218519444952847,0.7629433341723002,0
110,85.88854702326572,13981,4.080309324905031,0.801162355567475,0.680672373225737,0.9408762674947089,0.5755090122046187,0.9404004641445316,0.1682308432036831,0.8429503901768098,-0.9946636639814275,0,0.5460460733581158,0.007163554828920615,0.3830684501539534,-2.237293077730604,21.310152518278265,0.13565010593720805,0.15308481884140823,1
84,59.386440565415846,9230,7.910856315456231,0.3055722556991694,0.6667315298575898,0.18289305306866865,0.5004822943300256,0.5464116077513148,0.6938453862722663,0.4700959584515161,0.7876170864332612,3,0.40093873599635943,-0.6193937794575404,-0.8449371767816549,8.233796850138962,87.46421401631926,0.20249904960409504,0.9734688964947393,0
163,85.12329770414921,17432,4.621914156206621,0.610546467005423,0.5109707430450621,0.5674432080232296,0.6274034999069197,0.5875663007067764,0.645398674312485,0.3897753196222874,0.767658646950971,2,0.4308173907871258,0.7526088459183158,0.610557570656824,0.14872892348114863,66.26030762693749,0.31126066214956327,0.3643293847285948,1
59,30.659303030799073,13002,7.987736802685998,0.3555581155453509,0.4287642911146835,0.3770077119587446,0.612145074179365,0.31286015817667306,0.6873724657578066,0.39270853214421697,-0.3660726926039968,3,0.057435194194943806,0.14453557772889702,-0.7211931159769907,0.8121984027594547,91.33328284286067,0.5901667378127078,0.6282404259422626,1
173,85.7845304603036,15947,7.079559578383606,0.2745568956501558,0.053781964177377906,0.9649286015018259,0.47948137241071287,0.4893652461202926,0.37252745280279487,0.6160385283399571,0.408568539758551,1,0.45491014486784276,-0.6157847216011552,-0.16267077307625466,5.086023231946159,58.767046655809445,0.3323789398776207,0.46861602049999285,1
87,119.94137257706666,15686,8.216390454682012,0.5283966352484437,0.02208584530117974,0.2735420290019369,0.8033695915078913,0.8633081886190017,0.262407822570745,0.12423670555580901,-0.494382177403369,3,0.7954549106220818,0.5868831827442647,0.7625760150032721,2.3319811306186145,94.11848805691224,0.7470540820893272,0.46818097976484496,0
172,24.821203886055603,14920,4.4875716282044875,0.3306693184712458,0.35796119453276465,0.39965800208575364,0.7052151644376257,0.7308436717667034,0.7597213286809253,0.5794941827902612,0.5175471245078769,1,0.38798648009532233,-0.9313356577142935,0.12106321099099282,-3.6607838558127592,48.3177398383091,0.6162935561852966,0.7027443721197214,1
119,117.71741842213173,3531,6.79490317049887,0.3774255825538549,0.33366089063369264,0.9828601178554205,0.8326736536688597,0.8276464207604908,0.7736473950553341,0.6651328601837255,0.12223948357548675,0,0.3835812525432579,0.9651284011708545,-0.2408181724905314,0.8116242603285215,77.96176018674343,0.8738237373533401,0.9946622988722544,1
65,60.690796072287064,15074,6.505439401310985,0.4540436638956014,0.38769515483900674,0.5364703911884732,0.6116146721018408,0.6130496185556495,0.4556163739668406,0.4389087402062388,-0.3995490915046833,2,0.0157165830192878,0.7302986695427427,-0.9035955159083264,-3.5830082309265032,44.07892074094268,0.5009618263593643,0.6590598504959515,0
139,107.07534503372591,4990,7.530965914816793,0.407510720594557,0.13836820088819002,0.5026301156212535,0.5954213269466214,0.5168104552259309,0.6119040847673242,0.9531671767711674,-0.1995304927246908,0,0.4578352625580686,0.1592789110680397,0.34454703440344336,-2.138743953149282,20.093093146238274,0.3311764141010678,0.7940591315727352,1
80,98.23854840582734,9155,6.671452759468379,0.2700730379247571,0.7381682705368436,0.2577784882039913,0.6835455118263134,0.6379670653298593,0.3735196642317412,0.6082132723795752,0.37977746447680705,0,0.02533765294796686,-0.777408674485867,0.973093530613568,-4.892383424743192,50.37956276391654,0.9962715678032041,0.02761605726227012,0
117,76.70162609866678,6493,6.703672835665521,0.2719329958877619,0.856964414776239,0.7013635603104414,0.9264444072370882,0.5261497478840258,0.7019472001198067,0.2199994722366252,0.812194899287566,2,0.5703494280087611,-0.5694544534206571,0.8235927975167658,-2.280303777730067,79.0212410487391,0.35563332180735574,0.8104273690648183,0
140,93.84492092513266,11335,6.1479797178803235,0.35459953218733453,0.938714635374035,0.014372951777777643,0.4241687840403882,0.8872797676718476,0.8357215966478713,0.47921625743351626,-0.7385469668654507,2,0.5067833815823141,-0.44112965937287374,0.4345921551468559,-0.04328969002458649,32.00193435572111,0.42860263978051205,0.29997588176829715,1
113,107.8515561301348,2933,5.544172120036704,0.24044735036763118,0.49236230351962584,0.04951262970229353,0.8828996903778832,0.508371600914992,0.6882332773356494,0.675404437135294,0.1427279393383143,2,0.8400084989239989,-0.517936524192778,-0.7894142834881099,3.0732765059844187,60.38416265659144,0.8091272253580883,0.12670184503466486,1
81,60.4140321651033,3460,6.411321806260961,0.7011656157415418,0.7008656991254286,0.5993585871358027,0.6213925675946539,0.7618345483171586,0.5125826268471365,0.323629124580479,-0.49254160108576506,1,0.5817806109257212,-0.004959979093108524,-0.5211198131992116,8.789158167740982,36.9857187880572,0.08863623389309261,0.11333408544770585,1
152,52.70331615632387,16140,4.592461793842003,0.4298613732071216,0.8555511234358725,0.3416745738184541,0.9127714154730866,0.39588755561666944,0.4586579594923703,0.07964160628902317,0.6027444997509184,0,0.3234273553222152,0.8891207405342956,-0.626301961093426,3.1049030086308296,25.96992971352823,0.38649010605851464,0.6798748141696267,1
159,86.75933855635847,4723,8.807566694915424,0.42379677421525686,0.41829111109348593,0.9533163722009605,0.8813218053015139,0.7808065456144369,0.6423196509757443,0.583435634710885,-0.8595253882610379,1,0.5162310094169141,-0.11165483046437896,-0.2890767194887094,5.584053120465123,69.3961585555453,0.08571009343828395,0.99761683604055,0
153,100.78459419412586,17271,7.572053818132991,0.4655986353902122,0.3094127948704444,0.9031906907227857,0.609256748437653,0.9393097981200236,0.6798108916013302,0.94787016861968,0.3779115803423396,2,0.6997063557499188,0.32312913634681095,-0.528965544416929,0.3651563695866127,96.15740978427225,0.1393058666727579,0.6661950983728997,1
183,96.22851347766158,12704,8.762335583439235,0.7302370193677774,0.9367245558534901,0.7137062586767072,0.8163259211929697,0.7260082082479358,0.558729443524539,0.48507198556317377,-0.6501079726179404,1,0.0939637954103828,0.37716641195764633,-0.5111211080566136,6.27446190350901,44.856337497433366,0.0046408254980069286,0.2623481500667757,1
109,99.78136488586345,2285,5.133636911649816,0.8965071051867926,0.5156765510770731,0.8181455811278013,0.4957796540640641,0.691898766024134,0.624942275107395,0.9061090806470379,0.19277083680645846,2,0.6210740884704338,0.7431614505089654,0.23345987075081132,4.307031190772161,66.45166402879603,0.009544292582375213,0.20330597100293968,0
60,63.5583314812933,2264,8.39670510088264,0.8072695460445107,0.497253886590878,0.6673318496676933,0.9377689312982728,0.972782787615148,0.09658868249453223,0.835023588371694,0.671385174385384,3,0.9166262819779791,-0.9323574248569615,-0.36259468807723305,1.8969101991229191,96.28826942006356,0.380287889502852,0.5259570992680407,1
149,101.78342161750216,12559,8.043949922817692,0.7820233841800761,0.17841609656349577,0.12558210271016068,0.6426946386711456,0.7391775887210924,0.9517655161423267,0.14741278363398336,0.5101613242433591,2,0.2991302956312444,-0.19133988130491564,0.35432575294494617,-2.093468076631613,72.038667999575,0.8091638049477762,0.0650392993507033,1
187,32.02090553706084,8816,7.385762062288368,0.5875129484806794,0.10815501457335674,0.7655433696892027,0.6733753692131201,0.4816853032911578,0.790773063732034,0.7081699218355708,0.5058857753672745,0,0.6266250948764123,0.5694702281721986,0.895779318292361,-0.4468863800405156,73.84906418479633,0.5870043605916931,0.3993308329271872,1
156,74.44890979608496,13639,7.1251459304260285,0.7550444455739294,0.8421068624835116,0.21019196871884638,0.823455430622191,0.5046737166934183,0.3739278697067838,0.43546552507197844,0.03569062437381043,0,0.8213294503502435,0.6297340299308924,0.2769558332264781,4.3141913106363265,34.31428092486687,0.6349140441376434,0.6662349040057874,1
57,20.575866049812156,17155,5.58274832633935,0.6422098944268666,0.6141331761875181,0.32344285510019677,0.8925041420229105,0.793714649775149,0.56281261095363,0.2502463252629369,0.7814911836994427,0,0.5118063974386241,0.8546652303480224,0.5033133544207424,1.390844865468594,59.408774308226135,0.5192492375848865,0.9676622758084842,1
77,52.45858299002703,16424,8.082053924825154,0.37300042254922317,0.3258245840194487,0.8192342121024202,0.5418056459969258,0.8148056157245305,0.04732453013642135,0.686938355666703,0.17621039648399583,1,0.7179795340203848,0.4055887196360046,0.5031608305656758,8.340798351235778,49.36661976697973,0.8197931441705587,0.4256534478156052,0
107,56.646153487139784,15965,6.50757730739867,0.3668706941928406,0.19173621739026647,0.5365256083934482,0.7968100839261973,0.5124473622523106,0.04122781399906039,0.7426607186564214,0.8350359370991411,0,0.3110103384892601,-0.509692107790513,-0.338594423201378,-1.4773959269662207,57.6765481912824,0.8803787251861742,0.20022394040730662,1
137,59.61726916092554,15514,4.354457879456427,0.43711360550022677,0.5554972801696314,0.8599407141834092,0.6351988263334891,0.5417407845484311,0.2507983351119627,0.1798963187348388,0.09304491566483519,2,0.3060584529251448,0.011331486168756344,-0.970084010813129,-3.9039102162009156,84.06612611535017,0.8497407281453753,0.8173624033727843,0
139,89.54672066898621,15108,5.56431580427565,0.9286421367758506,0.5839192892611353,0.21303531984326418,0.6212217544023768,0.9937395561173608,0.6897016423646233,0.9144446820562084,0.011931126040005902,3,0.6675840217985607,-0.9353094241622049,-0.8899040740115711,3.8402286475822667,56.85591901968786,0.812132105803039,0.7441995248606165,0
132,58.85581012703457,3762,8.676485492726638,0.6379318723037808,0.20699360124505817,0.6077784386068872,0.8140154943643929,0.3713667847061942,0.8521477478000117,0.751147243951441,-0.555293961579371,0,0.7054088739734838,0.29385668219649363,-0.4358794982308831,8.290762602851139,25.028054260626806,0.1827130735632838,0.8597038882047439,0
164,64.86936226225306,13240,8.253401303024232,0.7871243016014955,0.8514057478914739,0.08379097254826162,0.6323099644935606,0.5832515199080694,0.5591858799798484,0.9333754991419687,0.08957330806040997,1,0.9370096995121437,0.10859042301751343,0.37908636731519607,0.47108544159682975,92.44333289206904,0.5938762253652211,0.21471872754289212,0
55,43.754413087432745,12573,8.909528490382696,0.4772470078532381,0.08426436615585109,0.6430609935400297,0.6076651000986446,0.3437132718382552,0.5321327395823524,0.317073218763691,-0.718830337502206,3,0.22483857471797453,0.3336725615225862,0.8133662772965851,4.7156700230224775,63.58527099615765,0.5821631960983702,0.4048321958498351,1
105,57.325179162934006,12461,7.139966913020491,0.5261726165321803,0.3560930851664217,0.7625340377755347,0.9015330448757455,0.8747548533987686,0.40230953379146595,0.9393350157429868,0.7393804025190909,0,0.4682175960879691,0.860281106775191,0.9175965243814925,-1.5288106673427704,93.95954868242336,0.527944003747641,0.9815544377230375,1
58,42.72696272631515,2040,5.2375503657020595,0.3004524629098011,0.6803844137625221,0.5849308939787217,0.4607656742986038,0.3646420872618026,0.16159795595802118,0.36851765783838086,0.35178377741658684,0,0.2505134731638914,0.37455322344086306,-0.9483026723198531,3.377078825090326,65.78836096220996,0.48081278929676596,0.1580423197763735,0
167,27.319592376844362,7827,4.814075248384319,0.33703596625733634,0.2741203638192007,0.26623150149881025,0.8055355736981265,0.7718051495238978,0.11835410132658752,0.05396976142739174,0.9872708969858839,3,0.0800921608802454,-0.35910013925047757,0.9801744912655423,6.801881512939797,25.570905278004847,0.08917047718638349,0.6714508191554378,1
86,80.34485933813778,10259,4.9345722030423085,0.8618852438609166,0.8276751947812718,0.03134266885886672,0.5492352362743748,0.3395383968024374,0.760679761220966,0.7629693887090233,-0.8158051444189538,0,0.4032305279474877,-0.6025266722596865,-0.3550055632866125,8.005473981650258,64.22955148206171,0.10216323390622195,0.23718446154726402,1
88,86.82127985550163,2987,4.098978291736272,0.6678709053511056,0.7398678266004035,0.11944888396428577,0.4092989450957142,0.7709985264667838,0.9275035512965756,0.7035081440883408,-0.5186545003094263,1,0.3740807472882033,0.7092724136373096,0.6859124564702306,-3.4232130522140496,66.05911459941444,0.9022815704406234,0.5001590062825443,0
146,81.94903460096145,16087,5.953410554929696,0.47002597270705515,0.7890228445481342,0.6223029790740262,0.5000585613236153,0.8901258628493922,0.4582832163862731,0.5979109922633324,0.7543172085322785,2,0.2704341199821879,-0.6113357134524788,-0.6394090786064393,0.3456177443986821,37.14719034743805,0.6301864391211986,0.800509645795688,1
149,66.34940438005724,16849,4.957138402497712,0.8422809671964369,0.11910653587671627,0.9344202168425138,0.7639969178655206,0.5791750688468401,0.6594456587156382,0.489893744384174,-0.20949180046216465,2,0.29699489113941646,-0.6767808388092722,-0.8742034847862816,4.594666629038054,57.682326728350134,0.2623172144980064,0.488586052555819,0
126,57.978578017922985,9804,6.058277302283512,0.3972159245103864,0.14054712799554292,0.2065344039720064,0.8254763148915625,0.6654885454025238,0.9144576508809412,0.03216527032263139,-0.06739402003620487,3,0.3604118063512781,-0.5867758386380484,-0.24328915187462496,-4.479156978595217,56.75532094989211,0.27930038921345623,0.8054816933119101,0
93,106.33336495718252,9789,8.674972159193828,0.980826158880163,0.2864737377445836,0.7350261491050988,0.41263467013379207,0.5810792166036978,0.09011363293414454,0.6245972515201543,0.7213037747752338,2,0.9888376327800935,0.01768169626101357,0.717850777061386,5.359228002262405,69.83009192164829,0.6101948316486301,0.4263349054403459,1
172,71.9081785136218,7717,6.15270104753595,0.4758540861969358,0.5180771651975611,0.8664510632490415,0.4218552659810321,0.5103421310428472,0.7704814531190298,0.41683461522279364,0.043646449899904516,0,0.7829577659672801,-0.7516251136810863,-0.5583501682443679,2.920508242057407,40.769127893913634,0.4069349746356621,0.9993529298700329,1
57,67.9181877629731,14200,8.389922484924174,0.4698487633209821,0.7480160766994024,0.5208821784475111,0.9415252689057718,0.8622843804389897,0.6168168843755751,0.560209402740945,-0.6130483011712637,0,0.07140120108690695,0.8762366611934045,-0.6920853484963156,-0.6715058116996033,66.5398734358555,0.4413241709850946,0.4358282342202101,1
177,22.564206580643567,15943,7.027523833079382,0.4495295244293642,0.8365308907609035,0.6692657958436578,0.4439834908682319,0.4904018016116928,0.5986371788298613,0.42932134196763627,0.7840602308195619,1,0.8724131764867018,0.9325074144801793,0.819608657900381,7.219816758910758,39.27616341095543,0.06064999053341902,0.1493794786378264,0
104,54.12478276261564,5198,5.23565777330696,0.2976892127394304,0.7043353159571805,0.8150153166761481,0.9365092951699427,0.8060603970726128,0.2925404284815698,0.966056132765199,-0.937876687153933,2,0.6333033263986714,0.9476037065659977,0.8766744052429181,-0.6492393155633724,55.71562177631253,0.13873918710974475,0.4018695156492489,0
66,58.019561878585705,7374,5.7792737962960565,0.2889097178656099,0.9285968815306384,0.2606751577405936,0.5368995482505434,0.4443379554786415,0.6838933547776769,0.6041089011508471,0.7907925352868865,3,0.8905937601219092,-0.9217503903605604,-0.9749036016221821,9.87122569305705,29.81645594698456,0.3933504265636626,0.7425931846422301,1
108,59.88227808969005,6790,4.419597679107147,0.7184840276272988,0.7387435096159303,0.296895674268043,0.8440106800949276,0.4748976572548307,0.7947977548207765,0.7492363306024672,-0.8989595466553306,0,0.3417096871302282,0.8923950529600635,0.45487147483096324,7.245552836700105,22.984043828918253,0.6996864199347684,0.8479377577586286,0
187,78.01723692273322,9183,5.6673129679800525,0.9000944356464375,0.3062678870046147,0.0006275166284561706,0.5858399493676072,0.5355228138040485,0.11285816494369716,0.9363469474710833,0.3316987292002562,3,0.4645188648117188,0.9948298652348504,-0.3815845269413467,5.619707520746315,45.64698447933871,0.04802538759991315,0.46010329917626236,1
111,73.36025467268784,4524,7.38770472751767,0.8324164082173389,0.2650812843385726,0.9630941308978025,0.9152512153655104,0.7124094641756518,0.5335214309809838,0.5915993229167397,-0.8566412406493307,0,0.8962270573081084,0.8848582186909741,-0.2505912600656208,-4.07978663056031,41.96574005197932,0.3345577928310832,0.5944768410584397,1
166,80.79050927934446,11277,4.360555464647176,0.3128860752170809,0.6961924503010899,0.9175448945963448,0.8202729192546148,0.6180956234116788,0.10126518098740966,0.012062517822400753,0.4124259719301311,0,0.2725731359136815,0.3418778115254122,-0.061794050097020214,8.564655579809102,52.55487296250774,0.6950719519345159,0.8448900678262903,1
101,96.48832615421283,17216,5.027007042390147,0.6364656974336531,0.19287056868961427,0.7645682637594303,0.6410880751610171,0.8216013668794742,0.8725740192976446,0.03429167831054236,-0.9320573573340982,1,0.9155008762454153,0.4024603048170017,-0.146418059650961,6.850829586063263,96.95860960002717,0.7920507904502913,0.8135461799983198,1
139,101.29857387160935,4479,5.907205207066557,0.28447323678131203,0.09271481081026989,0.07907602097664812,0.4457814725044478,0.44949711023533456,0.5076367226563473,0.7023384341018618,0.6849154554215751,2,0.8284997121442692,-0.7554941202531047,0.02994756996421044,-1.5646238106229662,61.778343581626274,0.19022070409531333,0.6577239053611328,0
120,91.81230762264944,11885,8.910247685079813,0.23623571489046197,0.5322228748561939,0.44750288969950813,0.8396201103224843,0.30747060149418387,0.8079656892607574,0.2790851361512835,-0.0681120981400305,1,0.9805579409092934,0.748594154149925,0.16472343148003254,0.8837227199033348,64.25413649094052,0.7314871318934572,0.8150271042508549,1
129,115.55236959549347,12507,7.924309114794401,0.7251086875078139,0.8216415697789553,0.10189175397155281,0.7701308535791089,0.8435902302496541,0.36808563766621427,0.5793797273479487,-0.8130921746622441,2,0.3242575870163631,-0.880720830742457,-0.06880899032415155,-0.9705267257128565,95.32808310298994,0.9554116940790295,0.575910758368637,0
157,21.823258267636163,7154,7.66743373246052,0.6281218669442803,0.10137984246986353,0.015920267262798604,0.4017470307002733,0.8751545337160507,0.1250782268163254,0.20227718109066894,0.41363889002028786,3,0.2357531800047834,-0.36453890676472045,0.40312708097903505,9.766240512715997,93.69177100734665,0.9068121500964483,0.004648168925280638,0
92,39.57779856835461,2778,4.58095478262723,0.2656189481691767,0.7918913237957292,0.6161829652125973,0.4056519135834672,0.3416361141758727,0.04149930438571148,0.27024887506171413,-0.02141968499247504,2,0.33086689704572814,0.982303290296374,0.437203325684284,7.812946672083392,90.72895631203343,0.7893760773775089,0.0412667844022232,0
104,20.756287497814213,17935,7.904979468074957,0.22795139712479076,0.8115720043515481,0.9608294170801884,0.8852757839156163,0.7276352655108775,0.2815096207723755,0.5046410559480753,-0.6181022822491142,3,0.9546497959887352,-0.1553442417940094,-0.11928160514760977,8.953379540426537,27.839579362377044,0.7123266860413382,0.9798083992381831,0
152,84.7474714154603,14781,7.926344057580076,0.9918051307274678,0.48227400008154353,0.9028680234321501,0.5556398432811123,0.5647447487111545,0.24423370036407854,0.9755694633560821,-0.9686552522225484,0,0.33307329605294156,-0.7376875520694826,-0.7150737038257828,6.831613545631448,70.74379284162643,0.23513830801977031,0.1449920420027052,0
136,109.8030548949987,11777,7.0055134781216415,0.2240170657192575,0.05731031001048681,0.6967548149354044,0.7816802006368394,0.8557269586361618,0.5603519740199618,0.6162704892091916,-0.16400348054892566,3,0.5652118199572381,0.9385893240981602,0.28127784264024536,1.8452236160537128,84.64791843948095,0.6339032270481123,0.40451640882346274,0
84,44.34822965762993,3492,8.95180890999186,0.5556226024401277,0.1745898512471864,0.09664058416487142,0.6725286518591485,0.9120901879375349,0.021738838063707355,0.9361481045130232,-0.8287415385429289,3,0.4036792825865142,0.9682792940834721,0.5459134247014179,-1.918486252779724,86.84597516616759,0.6432739938102959,0.933811275009968,1
133,112.70345447963066,16078,5.62626952962276,0.6036952196861565,0.7074262751619323,0.27416403767230013,0.9180580087130603,0.8957026367580743,0.5205705442991734,0.9593798543869475,-0.8116606035055256,0,0.3962201444817809,-0.6259146295225713,0.2762190424078994,-1.878797646353993,66.2325714001517,0.4068213320926879,0.19503948473304944,0
145,26.026739028956086,2660,8.70636224120926,0.29382411824035604,0.7117779449909495,0.32005672688529097,0.9501766678614931,0.8440429731455965,0.39177174201200315,0.20810999642050743,-0.4653409032746463,3,0.1933786098790552,0.7296076174803416,0.1761095316936312,-2.724757274499845,21.39964379889353,0.4930154617009376,0.8437913444665007,1
106,113.44360268055144,3348,8.573655574782517,0.33524942275177305,0.8983552751676653,0.7631500577455612,0.9980846276073124,0.48833656011951404,0.5771222699144422,0.31119360246894445,0.2609165944848486,3,0.53707954079759,-0.2191533476122165,-0.5411760175307874,3.199743254550956,97.8970321313388,0.6940284881747067,0.8182675681595905,0
133,55.16226872396344,15615,4.057403298746889,0.481444005128282,0.5826861465545828,0.8022491792351141,0.4922104814843481,0.8683227504978217,0.7024175281503646,0.7699922812187041,0.05982121712189836,0,0.8494042549672068,-0.23726307102657107,0.29027408163851653,8.799497842954638,57.77573622064971,0.9521015357104221,0.9863296545513397,1
84,30.142082844921653,11491,6.250582632374055,0.8093407009709301,0.1241073677137774,0.3851061229899204,0.9177784278852853,0.673434933134405,0.634091945079839,0.8667640022913439,-0.8620253834826388,0,0.049485013553870805,-0.4746047362061967,-0.3302875708475761,9.876971050686494,51.487671621887856,0.2953062084410316,0.28168183364816834,1
160,68.58717591863257,14132,8.885521165257867,0.6056659392482133,0.12141490550497214,0.41788399661760967,0.559612826037281,0.33692963038246354,0.9846443693733663,0.5192267441895277,0.9368625517849396,0,0.8892265936634216,-0.910579450890207,0.83911772562657,-0.6905029994485279,51.59589709418104,0.24636315195743952,0.31532535538014594,0
105,45.677656772050796,12178,4.515606812040379,0.7103214996423692,0.7211323573568237,0.044509039276171336,0.7544895249373047,0.6198571949287742,0.13826534387687106,0.9932260672805492,0.7743373765891821,2,0.6654729651372995,-0.46398203262955295,0.30744018551996155,5.459718104450941,53.93207040466132,0.6018068922988716,0.9028780010577865,1
135,48.48729019619228,9851,6.738923471916597,0.9881396440725398,0.18378466510790115,0.289136718418761,0.7034637003215265,0.9595105419209953,0.4297370089297785,0.011572198755270269,-0.4815490257096835,0,0.6167380805749029,-0.892446189333896,-0.44364064658339464,3.956470234155667,39.37445745382024,0.13079911144135992,0.23407905920227956,1
187,50.72899649262865,9156,8.89478753520552,0.8144043482505678,0.32838549961660535,0.45128517717763994,0.41079287894343264,0.9215015448148869,0.42483073664331117,0.29959265558521564,-0.7553228480757175,0,0.6259002329239922,0.8487440927199268,-0.05414618127213977,2.3340417531446667,46.18669005998639,0.5825328304878139,0.5479009569871091,0
83,100.30258978326634,4044,6.777477120529301,0.5474891985129742,0.4872120069219139,0.11698304638525758,0.9596627679436569,0.37158499669798123,0.41705320370292065,0.6231617537445798,0.8848057295139804,3,0.29626983595446943,0.32344134478545694,0.6931625517700888,4.98652965718062,98.82860878197914,0.08885148507143081,0.7073449591910562,0
186,73.91612766752544,9368,4.94907651486078,0.5571535374372389,0.0247648775761512,0.45326746075502133,0.44699623308953107,0.8208886800000592,0.6637983920426683,0.46928991093748285,-0.07771644423860025,1,0.4151445038682877,0.773245300032783,-0.329072097634705,0.5704452847010346,49.453440020487534,0.4905838796045088,0.2718842452628857,0
128,51.13076991560037,5516,6.910916150462949,0.6950176616328041,0.24881902701993186,0.8531758122578004,0.8129313516446415,0.8640550061707644,0.48982806054672245,0.11660296642880075,-0.3776660704571284,1,0.7992900059042146,0.43458136294114125,0.05088114030476221,9.167271626401742,62.13800131790312,0.6204143747135337,0.9384129454447588,0
71,81.03337833109184,16216,5.022202869747734,0.7322921667351234,0.40788960850728007,0.5813210197250533,0.8710041017249572,0.48997173176573533,0.5174325598129631,0.3677870854805636,-0.01928392966962522,2,0.3063810369362896,-0.7374262578347215,0.3593399465030451,5.581733015595054,87.86354127801748,0.07010963927284186,0.6656975480739203,0
138,91.61506742231936,15635,6.598521314472421,0.6005687406693371,0.27963631849320625,0.07892985503841232,0.8771727094286106,0.6301259995187646,0.4323559921467647,0.025447143295039054,0.5454882890928243,2,0.47002020957269675,0.8811630734705957,0.5090586776534833,6.3130163798866725,62.19422488870908,0.2069531519486293,0.04713930826982504,0
123,47.262400073353376,11250,4.37021108956174,0.7158889782519839,0.13637032746756583,0.19167131883027433,0.4812967113573069,0.797691559024578,0.9916994610185625,0.6427460460752794,-0.663229403393891,1,0.019632271387653333,0.7997861072655341,-0.6522156498705103,-1.3636685749088913,45.95627372945341,0.3353742848795249,0.13573753126091392,0
88,61.354910152535155,11168,7.027413346072024,0.21882599553127902,0.7280122577961974,0.4745443501585562,0.6685419703047832,0.6073290421748034,0.9275613488190422,0.8927425429963552,0.5349916670186143,1,0.7335583529355066,-0.30384784419792865,0.1303046093545781,-2.4712699475357085,61.90007815348241,0.36859869518615895,0.1907815700915636,0
60,32.18860933369476,6577,6.583949695640791,0.5436982911174753,0.8131476551679849,0.36148714982181207,0.8976573222603879,0.37895784320660386,0.30772418936437096,0.8848741237834589,0.49889357586773087,0,0.41770217667860565,-0.776933319296647,0.8243998009924027,0.915111896414845,29.126904835127796,0.6761046432541584,0.2449573639934497,1
107,38.11493495346803,2727,7.700806843807316,0.42315046085878144,0.25747897614372484,0.35872701954609876,0.5816075262272529,0.7941177112772051,0.11159392476666719,0.6995444737655465,0.0786964096817595,3,0.5253587684736037,0.4083095015777476,0.9367195630193879,6.50008728004231,30.400556418621587,0.5290213405595241,0.7306773700294364,0
180,88.11178539649828,12719,7.1535023557939255,0.3033395561944883,0.7744194946063033,0.5292674481435902,0.6806492052247981,0.9381470828147125,0.8397647240386029,0.46577019549792753,0.7316845774991634,0,0.11468931781075864,0.456722605473445,0.3122900851187165,9.081938646292864,75.52860257845352,0.3821084703053269,0.0889352447554681,1
97,38.143834769562694,13328,6.748031342653784,0.27963721024702015,0.38555356440131383,0.5843959215894574,0.5636763356199075,0.7567393098843103,0.9971702514257245,0.5120316186914897,-0.7357132436602789,2,0.9917142287874369,0.7936580896814143,0.9673216083199714,1.4099473896101173,93.39685258077965,0.45067625434165004,0.3505946722761345,0
169,72.51633836670601,15319,7.448894246240606,0.682553732491734,0.5066857908540028,0.7968615702761911,0.6781308507311945,0.8416605239983237,0.2926088940396455,0.1369188239956629,0.1909580133313462,1,0.302467826984846,-0.8946884810978402,0.14147049795228162,6.612351887457489,78.05425067908146,0.01297667065023922,0.9113833233280016,0
165,90.90462617224327,9468,4.7197095678611545,0.6188804377220893,0.8560010748931528,0.34096656346248466,0.9327027535557281,0.5508537749604799,0.35778492584176624,0.34101709311920303,-0.10131389499635679,2,0.6349896615964503,-0.7165923239452563,-0.1147899404381334,2.0561142920021434,25.969059252588576,0.77052527930763,0.556667686337004,0
134,30.687692309474386,2342,6.97679830629302,0.4028672935970954,0.7499536818024078,0.8054662830405868,0.6730745386196617,0.4282387715886444,0.9416331814852029,0.18772807549827364,-0.15541577432833664,0,0.5812363448544654,0.19649758575836462,0.1031749178964918,-0.5715762566680436,52.23164888248046,0.041004688694782465,0.2654965638385357,0
149,76.73122196289034,17790,4.860553014113888,0.5767600470180116,0.8051168513161777,0.33861122911263253,0.7335472102445922,0.7499415631328048,0.7111295180030899,0.8212002033499546,-0.49487785746094914,2,0.7850922039249904,0.23826310174016507,-0.7685752114729558,6.088977260887715,20.2042870614451,0.829317492922566,0.9570562964803099,1
172,45.65627837013638,3447,8.627611039259405,0.5937858521459267,0.13684516658635681,0.05543298894123383,0.6423857699818502,0.5294398440888533,0.29563833177963617,0.9147539013379598,-0.2554406863801839,2,0.29383695562196055,-0.9327806753699874,-0.19656816062922444,6.973032009719908,60.896539466050626,0.5409965214147301,0.24431589196868242,1
62,116.29268752375798,12571,4.341670524228021,0.3560071843508927,0.06971942583372948,0.5541876510047912,0.6760703099219953,0.9020514632928549,0.5810464912839151,0.536923261420117,-0.7836984879526685,3,0.7559273449972372,-0.20613589787668318,-0.0831898939389426,-1.9573880887897968,35.45635879054811,0.527819191224517,0.9050996212676428,0
186,68.35456467199248,8581,6.1518737484539665,0.7216744495053204,0.8934047290879871,0.5879023248948145,0.40910451942785303,0.3858396349846046,0.9442295793642561,0.7277640405129441,-0.4968020604703496,2,0.38250173068573434,0.16832346255209818,0.6972555974419563,-0.42245746932004025,89.45173189829254,0.7045786277731994,0.7257696736145556,1
158,100.59925497751581,13851,7.478987388277224,0.8247354851088724,0.38783426957109435,0.9345402456218601,0.5702473059762736,0.6034245898131866,0.8118131069457786,0.12146477090712748,-0.45606978444383484,0,0.4111609658463491,0.4758226663034677,0.5172971854848945,2.4216526521049335,28.34680422952659,0.8595595326534653,0.7405210369587861,0
186,75.02265421562618,8317,6.290111058341294,0.8331708327116152,0.28787967806968084,0.7260613260624744,0.6619490330450947,0.57770932032787,0.7418327137286597,0.6085346432772384,0.4413357349202789,3,0.6727125264867702,-0.3676986164433429,0.2028531704496015,-2.2021725534968493,20.114671891762434,0.9426461464796643,0.7649393184016161,1
79,24.341253285481915,16894,4.460476266164512,0.681975864562764,0.7246962542618245,0.9177726524944395,0.7802781855956373,0.9566376974877506,0.7369963117270224,0.702791021377846,-0.9028991455822737,2,0.7842857717404688,-0.03219301395631713,-0.30544553024746013,8.932514481306889,56.09168344910083,0.5433698872439848,0.5065693120572092,0
150,83.31513755940223,2526,6.766895080633537,0.6093108660152113,0.8364155965798566,0.9083472102430096,0.6700311583323353,0.4071943604230827,0.17802032429227033,0.4527681295114008,0.3023846163017214,0,0.6668666361205591,0.6281097446240185,-0.6259308286146859,3.8700086884112253,32.434664314059134,0.15065823198891826,0.8145787260026688,1
147,115.14033422066571,12088,7.208159544136773,0.24880571440431593,0.8624896218983009,0.6045741102582421,0.6026902259929384,0.30689277750840765,0.8246812392279365,0.24327308447069862,-0.5571801804136203,1,0.8998795205711521,0.907790127795481,-0.3044699581707442,-3.18195083942461,79.03891058201293,0.8786309261730072,0.8361930977524903,1
115,80.16118201463311,14946,7.518961554952538,0.4302650390812847,0.31599714112522737,0.5277620653364475,0.6328592412064943,0.4666596489649823,0.27611863244345813,0.8773745205413914,-0.8362769881674121,3,0.28515902951006733,-0.539370649220309,0.35960814191826374,-2.239552029763069,93.59477854251159,0.040672018370114915,0.36048672167611706,1
176,101.91888594267903,12265,5.866299072313795,0.27461715742253595,0.852212391201674,0.5574409671635999,0.5453759975202799,0.8741938018380582,0.9303666579015295,0.7429087199537224,-0.39838767782913176,2,0.9006167321019494,-0.49391558836020755,-0.4739244018299338,9.315330179872667,23.355041144205373,0.8073371707198082,0.4003445182163753,0
105,108.42064633484078,15107,6.818299855143811,0.9710585287027789,0.04093394437434539,0.9783308076772478,0.9546965696644317,0.4465252712329119,0.36463999101378297,0.899857281849195,-0.5510542611427944,2,0.1308635259433787,0.8796363748677509,-0.14622660858166814,6.072528785449274,51.64656895328774,0.6804216264256481,0.8887567185390258,1
75,42.80797719489325,8748,6.253432374694565,0.3080641169806086,0.049661491459718876,0.7731676917469589,0.7130459354745488,0.46861464459383784,0.8576603970422565,0.8184026474978234,0.10406475167969997,3,0.6595303190299806,-0.20817769847463286,-0.2264595302366359,6.016076267574791,99.74519808567598,0.9047276074229461,0.5247292604295243,0
59,41.204483990822666,2405,7.360280193761267,0.32142032788088165,0.6235191951741544,0.10626590479239584,0.4080456723232739,0.39092916317576754,0.26623349451780143,0.9903744295788626,-0.2852471931040752,0,0.5476306513801775,0.4366966490414854,0.5311801275821204,-3.912521089924182,78.61375760005348,0.8974631502474468,0.866943495941869,1
146,81.09809888509918,16567,6.917784836624093,0.9116612946643938,0.06310636911554623,0.7784284067813999,0.411667755051728,0.8008053422935784,0.5145269365822405,0.19217273321444894,0.9319874848166523,2,0.49463594041558945,0.22453045745975242,0.7675741245202887,8.429482565634206,96.25501149646456,0.05315408543707967,0.6267694617578073,0
115,61.10284698067047,16868,6.628781097795674,0.9551426267811662,0.3246091685101615,0.17053804889822588,0.9837769809712249,0.348421933353792,0.10688529548906056,0.08674776780397409,0.9270991987817012,0,0.3109120288621783,-0.4288246404118874,0.3987419136219539,1.6560304383790685,33.12666281729244,0.6094464071756721,0.5935677567490424,0
76,103.98613028667204,9986,5.247621834191243,0.8126632313879278,0.672755986246924,0.44735054900562565,0.5328705348239471,0.5318458116299651,0.660118902996174,0.3370027913372585,-0.11256946175952098,3,0.5037327453082342,0.30712444391604987,-0.3167954781339317,4.8957598395988935,37.709484759356286,0.12467145516820177,0.030980953277861878,0
124,110.00231233980112,11765,4.01009258874117,0.2043239389381359,0.33726689605422633,0.21045967217653427,0.8833649732885889,0.49774910863467514,0.8360792751668383,0.1290041750232589,0.5901749213205192,2,0.16177335638470325,0.3111318019139466,-0.13364590204822546,9.39533828671021,32.38489924774608,0.07846861174405473,0.27789439784074976,1
55,55.34213793027181,16099,4.870408376557147,0.20107701676525097,0.17959978144009592,0.6895830655332298,0.43496518093634473,0.6886118108531083,0.7184472813024161,0.5231301129062244,-0.9734629182782499,1,0.3693209442116756,0.1848863708181525,-0.7132996918925572,-3.4998142946516464,44.18952270207506,0.44827714583073053,0.5020576469023181,1
187,43.687055897448204,14792,4.585330207120843,0.5024806158299606,0.28135062185384163,0.8773097361930356,0.9526976420167295,0.8112913855138149,0.5232585129386573,0.6330289054077425,0.09562316944960525,1,0.09868091748387742,-0.8006783503009742,-0.6638051044667803,2.2341468922986802,77.95072546632414,0.09759753984874064,0.5873171721347009,0
66,98.05255152438619,5740,6.245423725054733,0.31471629600871404,0.4575753322504318,0.29036188536668095,0.924650202200007,0.6730135042877232,0.04511587860145949,0.5782886151734037,0.4865983446139581,1,0.5718465997863196,0.9903436447480753,-0.67141486494697,-4.255808950071024,33.195732860655056,0.7279023831125928,0.6304345290007342,0
144,47.48060355481361,14466,7.061290753809223,0.21470891372127784,0.4753858553554824,0.08201074120818763,0.7426558974607088,0.9517181950825473,0.9334410071708584,0.25924013539027013,-0.5661135491853282,3,0.09576788619962695,-0.19916707765834518,-0.7388272848773796,2.493181349855732,61.93872303066308,0.9689407105075997,0.716222825011617,0
100,102.26143185136785,14419,5.065425043424041,0.5712533515236038,0.783000231347202,0.29849309807496327,0.4053991943699535,0.9660098472211323,0.7054895485786347,0.9088240309687968,-0.8776564896681125,2,0.16034464390516567,0.27650197079397776,-0.6408375429817397,-1.2161088426864342,41.53679352915184,0.5695829577830928,0.6562334322936318,1
88,62.37382536487628,3846,8.695285479835935,0.9544495179255772,0.7501532294315125,0.6723618579321944,0.5546865244140026,0.5530257299489607,0.745864238365333,0.021172363735378452,-0.6881621281870882,3,0.08546680148748131,0.7715233882252386,-0.5946235948432848,8.66598293910806,86.33566233095323,0.2351688695616866,0.8485767073958004,1
132,86.75498992914704,3478,4.033410646119439,0.45905565992194514,0.4568178045561352,0.32876012755444994,0.644093588439079,0.8443762633924248,0.7946805755108072,0.34801335376349296,-0.11630382565228592,2,0.3813106399520779,-0.1534230231603273,-0.7763081124047342,0.9773874140963033,20.52739242711512,0.8432063915253954,0.2954703428875134,1
99,29.55353138346682,12587,7.861505075826715,0.7289125427429572,0.8456673490987714,0.2781121675538034,0.6760384700485371,0.8171609682877328,0.7477434259276107,0.718992475398061,0.012742841512523917,1,0.8419584544183485,0.5478501136110971,0.280521443768454,4.508086690781187,37.849196683093346,0.853103374930026,0.6415699856658924,1
127,82.3859324676573,16875,7.1260238476522115,0.7217882825059527,0.11423713859139584,0.18443519058426494,0.5786072551374233,0.9250752141933791,0.44111616409833365,0.7669289263491594,-0.23822975578246308,1,0.9068963916338277,0.943648849358812,0.9808030691643992,7.904308972218235,68.41926060577455,0.7327859723643944,0.051159514196271294,1
80,65.17676787372291,2771,5.8677740052384095,0.4008640829321342,0.2553533502289015,0.49751642687443354,0.419768720947318,0.6135605481453923,0.7336218292879468,0.4161185444318599,-0.12005246591523999,0,0.07188945460001339,-0.28213047949390346,0.7583734893045122,9.755377876257649,27.736840157907405,0.6151321848133509,0.4801900773220279,0
101,78.66084631754741,7525,4.252444722062039,0.7203401990590914,0.8279764635022515,0.2759488281571876,0.7540764435559253,0.6713312310384545,0.6250267878103289,0.01690981325636709,-0.0595300807814374,3,0.634550140861627,-0.18946085953452663,-0.9087945523478276,2.5572905549281897,57.304977275679164,0.867792454751724,0.2680329659518925,0
175,36.801420774486346,16411,7.137432858921397,0.369867179429513,0.3779940386261531,0.7310103491394832,0.7144928006168536,0.5910420195071018,0.8540163336687865,0.6180436791237374,0.5388733232021925,3,0.6843854245920734,0.8111521179931374,-0.15388238160655043,1.836365542921838,54.896583718589575,0.16329168199755906,0.38088714829469605,0
110,93.68737449441821,10770,5.92806756432824,0.29760593086151127,0.9811815587938422,0.07662240199220272,0.5698003812574466,0.8952638435097939,0.8024598153373704,0.0630946811832157,-0.7895162038446952,0,0.5337699424320241,-0.680714264369634,0.7186211584655446,-3.863905320553119,88.20184054574109,0.9316001263440448,0.3546627517649591,0
148,106.27970775432286,13093,8.681335697066096,0.7611066284477521,0.4662532815278354,0.6640330331113176,0.42278558054176396,0.460791620753494,0.041374382467259885,0.1078557761535145,0.5379009343187919,1,0.6669848614695459,-0.9428103232811154,-0.7306503640160071,-4.808915849941775,70.03177545334506,0.9472031492105683,0.060430677152637724,1
161,41.67398000907757,15803,6.709950374448829,0.2907526536831334,0.7919356229637641,0.23756001456776987,0.9967565123331641,0.46779635476971126,0.37888709033260526,0.65025071964619,0.37725460458999627,1,0.23369071544309528,0.8177780096982237,0.6952902933040854,4.132031387477442,71.1761649727282,0.8719923739971334,0.4666458007513755,1
117,29.57145555201617,2193,8.698257556467542,0.9975273748714844,0.40230704138237194,0.48927926105160313,0.6891917120958435,0.5608235725039559,0.034716152183894566,0.3124883261428548,0.48332161895263615,3,0.4896442118190161,0.6431831482351607,0.18540127567579856,-4.0180347177853095,96.14460814313327,0.2506620347114671,0.9946292879915534,0
102,22.36385860463364,4007,5.102418467366521,0.34676192092018343,0.4249535190624304,0.2860899220312606,0.8536025450644462,0.46123998247164577,0.10207492476609792,0.3480301527082529,0.46893677175064563,2,0.3908758490358285,0.9451660651026641,0.8625971051922237,0.7056840555770991,98.58883002587001,0.8581783863106291,0.2989360568364836,1
115,84.1971500443266,3185,7.6286295518205165,0.6753134902051661,0.3828831472841835,0.7227686760107956,0.6713884210308013,0.6927047854904445,0.6014107220036113,0.48680707698324344,-0.05881636839643267,1,0.08970795143963106,-0.8835244345786435,0.7520782285288503,-4.945903458403078,72.27157857222709,0.49763821183769175,0.7361459716682507,0
135,80.70940360887808,4394,7.086245104243629,0.5290996571300715,0.7190756205108118,0.9453070402516367,0.4259021745177649,0.3941430745468516,0.8738218211622534,0.9785783948593739,-0.5771996308781999,0,0.625556439722489,-0.6876453391180255,0.354068644117435,4.228412484485061,61.76011601216434,0.5949302374008253,0.5477883349204357,1
80,74.669741271407,13190,7.69704114915656,0.3011091379245337,0.5475178840599945,0.9170767794698133,0.5857604470513,0.5241303535828388,0.11982475870926723,0.9654422207387104,0.07325780860360798,0,0.49521519267154623,-0.7893748818203823,0.315645319745391,1.3812274066074428,68.63360467719039,0.8406006225041451,0.3252253005314737,1
90,43.194709611597546,15672,5.073339319862684,0.22227512606193073,0.9437781113683691,0.5834262151440911,0.5920660846035407,0.9394112889329129,0.4510892874668315,0.4162609993600751,0.9159641072181992,0,0.2751740269025832,0.36683226458741847,-0.5736715952161837,-3.0946884532056824,50.59549640433283,0.02958284454523752,0.08960706039242117,0
55,59.09059959055147,11984,7.324972581188868,0.6981858258342666,0.25089031653410476,0.4626103032569784,0.9030117424294096,0.5864578361342572,0.9108789048064437,0.2654992172182822,0.1770513627867274,3,0.47368526040337144,0.21202014749428644,-0.7664940656839829,-0.5544858973876687,98.99652935680619,0.36294259217564573,0.21585790076521238,0
62,79.4476335186173,17943,6.490201965284345,0.8454060510313008,0.10056273208344435,0.8183005094393818,0.7925379867999247,0.8237636015454564,0.8143009836715878,0.30259215266411577,-0.9779057095744448,3,0.775298018397503,-0.2813296012254807,-0.1692131400624033,3.5449104845788675,76.4017007597487,0.8156933772444657,0.7818535394902439,0
167,69.67668588591694,11302,7.714124874531581,0.8736125292053953,0.3932614850992152,0.6833263626277299,0.5652579421836837,0.3794235341946018,0.5196678964659299,0.2687812981616041,-0.8805781902472187,3,0.8016577628080639,-0.88515304119551,-0.6268399210137505,4.850700520149655,43.28054355033317,0.813954783801723,0.2790201774186454,1
153,118.77855202148874,6005,5.635223220759089,0.5861707784615475,0.616712707646776,0.18356411421693286,0.9806439727954516,0.47329515569924924,0.771571439328831,0.5322458071417807,0.9857268672071047,3,0.6495261287493691,0.2793239680930819,-0.7951665646444821,1.9350381949517024,24.621303917765474,0.8486879268829328,0.14430248241185317,1
101,33.64397525567331,9429,8.450285127326262,0.8219643737459086,0.860798936915495,0.8209192136130002,0.5929250994387228,0.865141934840258,0.522693774044537,0.6068598078009285,-0.8561072815211193,0,0.4677478334001638,0.14024097023011328,-0.395346533454213,7.059386741364188,23.577754332157426,0.16921590013949128,0.3312983404606731,1
181,89.51445540475937,4261,4.421506573056752,0.7382777067908359,0.34619688668032766,0.4288843893947102,0.9989404154972322,0.8340950554027857,0.15809233728284877,0.48877938822966605,-0.9079096799102029,0,0.575749639203848,-0.7741935778787685,0.720979885593297,-3.313393824455215,36.393038442123135,0.7058866182279601,0.5840429522276902,0
110,60.431876810429216,5736,8.035946593955941,0.7794036219993066,0.6537867511244616,0.1889856599711751,0.9976982159021579,0.5703091430156748,0.1247361132216791,0.40799436224815233,-0.29395146128268923,3,0.38501537135561714,0.8178194089474282,-0.9657036919632775,-3.731814160813883,38.63304434024893,0.14650334050541858,0.7034631642899991,0
68,62.819961492561475,13985,8.306598129075454,0.5940792041774513,0.35019868102321905,0.28179735039649245,0.5147263106480451,0.968077831423432,0.18836823206706976,0.21128503756993777,0.9386344065386734,3,0.12655634299423824,-0.6021005806560189,-0.41472463655564873,-4.336335964732875,53.203639516312016,0.7850980089510253,0.38736483696958,0
82,91.75977656581762,12128,8.086261556834106,0.7067293921937017,0.6172195829944581,0.26752703024834235,0.5876446697130401,0.9374501110841817,0.3509220949656795,0.48250559138211335,-0.3626496925342686,0,0.3856205973860919,0.48701830428771276,-0.15189562957101543,3.037417591741633,37.18768093090031,0.2451260044545075,0.498147157078349,1
132,89.24361513243696,8716,6.5636319713088795,0.8444207308608456,0.8848079470306509,0.5192069746034601,0.6916265190907925,0.9736105243785678,0.9305292676740187,0.34110271380245805,-0.1802317382494587,3,0.5303327560696343,0.7701517250858965,0.021139499230573122,5.5934755635168685,70.47283446893957,0.737817727586946,0.4549166920334615,1
184,119.12559937021884,6875,6.191924900153807,0.5183073404456184,0.23135764225940902,0.2343700906778755,0.7984604026887345,0.5995402831314498,0.7996784136536014,0.5415954627983429,0.2681541224171311,3,0.5988340146505841,0.1589499813874169,-0.6368449832340215,-3.042179008662054,36.90037846484654,0.4550016185279725,0.009003349923426884,0
163,32.83942894541252,14549,8.981311432624384,0.844783120694067,0.40424164210703917,0.12356648740157616,0.7168284694022795,0.43823150857997806,0.4328015612263175,0.6751894155116239,-0.9517763213472044,3,0.9358009760546209,-0.5063021894034974,0.9284403996760622,4.584184327830888,35.03012311529168,0.9862634645527724,0.39560047485584826,0
68,30.410964938416633,10921,5.145859756070811,0.6736134742312503,0.9932651964297465,0.12369085061376073,0.981664881479354,0.7386610473639387,0.493076709787574,0.6333121744366106,0.795527155038376,3,0.7773334450306162,-0.38150296474971723,0.157746087144379,2.1542164928430205,57.698959424029596,0.5798938307492809,0.587319810172082,0
110,92.43388171287411,6378,6.734379829380223,0.332720819496629,0.8685570282494608,0.5832761971390966,0.834393498541415,0.7793412107954389,0.26560945766641486,0.46249021040559335,0.038886035108864236,1,0.15199256144467732,0.7714950674376646,0.044221094114088144,9.810167502266728,91.09348794590551,0.6325793642202862,0.569944716415761,1
169,77.83869170064091,9815,7.3533776269116276,0.2197473257796677,0.564639857896202,0.7347592888493786,0.5272269096297847,0.38780924911536396,0.7043529564721301,0.5560524242799609,-0.06637818799188411,3,0.17418220665292805,-0.4034856872470307,-0.9823548221393177,5.762104138996172,57.46443899029074,0.3681635138512874,0.7497675583342468,1
61,47.416066655980586,15778,7.50433817930716,0.4902028803193217,0.5166275918542753,0.3215330088383408,0.463058530128183,0.8505381240071341,0.802765671462038,0.2848561309607597,0.7214533244132608,0,0.10049475923975404,0.4923809666346086,-0.028569241207985874,4.862100027874389,53.107899565773366,0.7345201578474331,0.6703759104353387,0
57,27.94193689889866,5451,5.020123328692893,0.6373570626370719,0.284600382304681,0.03465070981401708,0.8130407744256141,0.31264215383197236,0.23890469566757655,0.024240259022389687,0.9061531787160424,0,0.7381817272209178,0.9803304245108106,0.6753412589103682,3.556746023085168,66.24759259677671,0.494885641104835,0.27680679711615375,0
165,28.565824959643052,14649,7.269970461699006,0.8718562817627908,0.5172094276935294,0.12722488693701073,0.4950714641084578,0.6379098712337483,0.04182162378646537,0.6250194541681041,-0.15314953670633047,0,0.706122278491857,0.9996334387253556,-0.5607109138975146,9.960492723245556,40.57709430013028,0.018066635095864148,0.2556436715589626,0
161,109.41908746641182,9616,8.091847832406685,0.301988544112197,0.8481814982799472,0.9146945603370571,0.8726061042014525,0.5317113816464264,0.6238889431629704,0.25256855913768694,-0.6551178414135386,0,0.9863629016968811,0.06695949653866284,-0.29758486322717403,9.706887562818661,48.27492435923475,0.6085815978756451,0.46414179806343414,1
72,39.18673247187429,14728,4.250092884105561,0.8401650781468633,0.6851745132777806,0.493543659589453,0.5866220003562022,0.8182121419293589,0.5625121191353166,0.6689537100682745,0.6314185400041459,3,0.5220234176643487,0.6531115935721956,-0.9588570706246089,3.071726882417824,37.106820453370446,0.8304595904293615,0.7329696677216548,1
92,52.33715621155208,12332,8.557606466626583,0.8904072368537816,0.2900440281779866,0.45357280961517477,0.5961359578333639,0.5189325091952711,0.4021311550288764,0.7470084995969594,-0.19347915755502565,1,0.8264149288488819,0.980499735842399,0.9538550284675904,1.8277502100139253,65.7447995686147,0.23680177006045067,0.09382730657596439,1
169,42.6656402226988,11836,4.14752027572603,0.32054998960066705,0.20146392105353295,0.038049178310090914,0.4064790354337072,0.8787649789467229,0.6438939417732101,0.9159277461037811,0.8710910790235322,2,0.5764398586427876,-0.25065422031603557,-0.8666964057439184,1.9317238405262858,75.79100492553722,0.2210637550851846,0.9483265830361624,0
69,55.49963058319373,4800,5.779855162441972,0.8812754554433753,0.2652085369968291,0.7286370223168991,0.8206067602570244,0.7164674421465673,0.5506132979851436,0.958122795479613,0.8997979676619658,2,0.8740867125274371,-0.49518082985938827,0.7964422478191389,1.4251358548504847,73.89589127924575,0.6088861831192705,0.5431531237064317,0
173,26.94238427460934,15154,4.079065981164811,0.9931628542742337,0.16975920139282652,0.5280680809320789,0.4679618518388115,0.8557253532334503,0.2505815765941928,0.010526046309701442,-0.770341936557261,2,0.7210210393027515,-0.7715332883156336,-0.37402457163909064,2.970974604944833,40.38542543718094,0.817979276425494,0.3064083949335007,0
82,71.90597909082703,15735,4.3857258426979095,0.7814710648385901,0.09564069602371594,0.20208093608652078,0.8637283464781109,0.9925384464877367,0.39772897562272236,0.9903742093546374,0.9131079346657025,2,0.6428840149912529,-0.7182007238537478,0.1751128039717571,-0.8962359827844395,82.37185645983736,0.24962033784357585,0.693391230881426,0
93,26.76125635922149,10333,8.555841425900395,0.8278157454599904,0.419136174442055,0.11007376018105719,0.6951206931503241,0.7754108420204897,0.4281135697472417,0.683018318494161,-0.2634593491097581,0,0.5651226709830504,0.7071127272413267,0.3586310799320067,8.901831746716399,40.47629321999442,0.9322626512430391,0.04472581624310179,0
71,100.03565078223616,7410,5.774304153730739,0.9955322140470988,0.1132996043982677,0.3833878636319985,0.8705678889727415,0.9894652214531507,0.8802479944755637,0.6435241603741892,0.292505035314381,3,0.7229705244429748,0.17744618061414807,-0.718341665137771,2.3534512219290287,32.024924101421036,0.927387356681549,0.4843969157830629,0
140,43.3712081910433,3455,6.123857652125265,0.6843850004207563,0.17191255772710434,0.8371619641950256,0.7503559235186448,0.32018542884519374,0.9609041541289595,0.015213095195355408,-0.9304998365319079,3,0.41965384267101047,0.7474183507849717,-0.11248124443932905,7.630117177579137,47.98469989497555,0.20053667190793334,0.485969647463809,0
180,74.00119146045105,8892,5.076721906912763,0.4463091056129995,0.5473246843394861,0.8652945592010245,0.4494599632113945,0.5366979919386659,0.8930013623964971,0.8612334118867375,0.7777685481676653,2,0.0965765807056641,0.5789101780643369,-0.3490677995067153,2.1295551200143006,67.81952713367063,0.2637844120568157,0.16197528490935031,0
98,108.00790875614582,16163,6.985478850933599,0.8700246672608445,0.16459927369957472,0.6028463803956364,0.8593914020231098,0.37549728519361636,0.7191780240519796,0.14549144724782637,0.2831946586897298,2,0.0399861287978408,0.34748926009603553,-0.8867950687890693,5.774354108653643,31.36014550435184,0.7005988109481615,0.8373878159418832,0
79,85.08773690471942,16135,6.974016073388948,0.691588622009305,0.06387976743090285,0.7275364272301427,0.44187969093684987,0.48361345196910765,0.5849927336058218,0.837330153933041,0.2871089339128383,1,0.4790237316091739,0.2186243838137214,0.6663873087863614,0.05322946714870014,71.84696896867649,0.951733109024426,0.7968121186802541,0
67,73.29577865513353,7808,5.861001959126096,0.6649563389767652,0.3173888500278852,0.11515578740287036,0.6872210323415994,0.8872215293880421,0.689261635465955,0.015562546258716003,0.8043523199549676,1,0.5992915822201413,-0.9033221916438141,-0.9096644870050445,4.372102865998908,89.04543970027927,0.7098826887763147,0.152732394453709,0
79,52.43337531153756,8796,5.665174359026992,0.40290844441123064,0.22031909862196752,0.5881260654678548,0.503409528486978,0.3226262857282632,0.939109220732689,0.6459642624991613,0.016694349814686316,1,0.07884903057062542,0.7445503920063845,0.30651591896773356,2.4755716817637907,43.451240820645644,0.444900049820538,0.3638272935633775,1
122,53.300191305819794,6796,8.42482154090294,0.8050674156663093,0.5153051879943767,0.6669657034871818,0.851401106786731,0.6641280550126756,0.24999873522383176,0.4348015337698278,-0.17896671927489893,0,0.28690354891210224,-0.16431587664057146,-0.371845247160306,0.5067138480041482,56.01652928920956,0.1690013464265031,0.10042955663088793,0
121,86.94869551981901,7093,5.916421198211006,0.26533382068807704,0.10236708458320931,0.2007128429137922,0.9469547366836759,0.6969900952726611,0.5351205076734049,0.20076672905933513,0.7322575045846325,3,0.3220322059754871,0.11957371414278395,-0.6157413455962668,8.223343916020015,38.26483405001425,0.46100984883962115,0.8486087568391968,0
163,119.41393612211675,12288,6.467504960772041,0.939429656635729,0.7517707876829781,0.8801547329102589,0.7324756980149645,0.6928058026703692,0.6896080190004079,0.10756139177043411,0.4848410237427965,0,0.5627955352082512,-0.9560929962459586,0.33417210267109065,-3.3093247587663654,48.90093832563159,0.6067677919705544,0.32332010374864084,1
165,86.18391898493786,3325,5.4165238121246535,0.4606587686163878,0.9062335194351386,0.19499673752101976,0.7162883765795083,0.632707951676279,0.6792470013242746,0.44012769654632644,0.8979513299298021,0,0.2784824560427891,0.8721470037255741,0.14907542905241167,2.3038472247866544,21.757645664200595,0.3309519189566503,0.43931630785765274,0
165,75.77834173700249,6976,7.933847516785637,0.3022197222319924,0.7434351739561944,0.3134773598464504,0.8583779177953708,0.8534220753388286,0.25227895957683644,0.12330580532142477,0.8802437866210653,3,0.09564859955600669,0.8054809221840029,-0.36948748525034025,-2.084463901007949,96.30155169702617,0.5102578212000898,0.32387195002056646,1
88,93.06505102392461,11405,5.987240784495459,0.5538932264819351,0.5328270374013943,0.6205568470234586,0.40304728778543636,0.3934801626538858,0.5867315273897519,0.4864466116910475,-0.23534767087951947,1,0.16485674094655012,0.08655605983621117,0.025921496518478415,7.915826368263872,53.27121705697561,0.13021412832870594,0.310026016464951,1
165,66.52056122837182,3159,6.568055232721623,0.23397592740522655,0.8606678217888851,0.6383500651307308,0.9506551855810964,0.517403910885551,0.7959131424201564,0.6252170586528523,-0.10602741971716423,3,0.1739478016041932,0.15462326633671486,-0.5075257975875811,-1.197959829265049,83.10960878544643,0.4521881045125864,0.747302253748589,0
62,26.01423426007852,6650,5.266785850298307,0.7477009554119731,0.6949183797815075,0.6993847409873672,0.518469290254679,0.7310082374116209,0.47507898005024385,0.8273841936073582,-0.4880300924184431,2,0.8426949442227615,0.4100344248069774,0.7273929180053844,4.501455101677324,31.411474988520773,0.090775818929554,0.7475662341798232,0
167,76.22968158779098,14691,8.938297961706258,0.922164408356285,0.010551122450189854,0.11201171306820568,0.9904713302957423,0.783665956387569,0.793298076698735,0.6786494371828666,0.3212957782771353,1,0.28431968697829146,-0.47061020712769985,-0.3723624393456768,-2.5165472737196892,84.98840352803191,0.049088749948990595,0.5177881704805695,1
137,115.76252845053801,6987,5.457478704618614,0.8698104057108071,0.3940901527745031,0.8494644299285553,0.8417523687762773,0.5829039022439393,0.3598825977545548,0.06519976670615046,-0.2709160598222269,3,0.7146917339147569,-0.5561687545733949,-0.5096939408969372,1.0737050420625494,88.81178487697608,0.8572399155993272,0.6576169493263143,0
96,37.530294235765965,17200,7.853712654527758,0.30189557875830486,0.8509518994068,0.5328471322832599,0.8645506886204026,0.9127598843290632,0.9387601271637589,0.3074325325478372,0.5722012932153422,0,0.5678387463393058,0.3480458932032655,0.5036674221193023,8.490357934740464,77.23817029501433,0.2050815841460749,0.5116631973579566,0
155,89.00048908206658,6697,6.137478251783795,0.3010169096861855,0.3458588579752693,0.47132179410506836,0.793721788224164,0.5908453776871401,0.533928440499101,0.2879786079325004,-0.7568984785381789,3,0.977038753616442,-0.7911551076821837,-0.9648150240121702,-2.5090333339708932,92.25666599867243,0.5751553291279333,0.028589209939715032,0
60,40.093368865905646,16118,5.0310870254207,0.8507475858594113,0.0352151735255235,0.9810976245135096,0.6829979096710962,0.5819432940438332,0.5959479507926143,0.9150324234710843,-0.7671942976685082,1,0.27282266888020223,-0.09187599055323847,-0.46397653582784937,4.947937380225095,33.37577035745091,0.14898275840999242,0.06600643312993248,1
80,73.58276844730813,2340,7.998593819824306,0.9394034196824927,0.7461796385522723,0.7403782969410198,0.7429766160166993,0.32534508304116944,0.0313615688045884,0.8677820443927635,-0.5910892371612062,2,0.15837302052920021,-0.014479152001819928,-0.2492095586976537,-1.9323444416606783,58.1185463030896,0.26252757090929135,0.3837405695128313,1
118,29.66764496467196,5828,5.668033945145216,0.5685358638667913,0.8020382702828686,0.11800602661937487,0.4278417316090754,0.6857989353363136,0.17026913712859426,0.37014791835041694,-0.831415623125173,0,0.052037837694560385,-0.23732604616966402,0.7644759235827636,1.236235787982488,69.60876256129258,0.36133941976948436,0.7497463586283942,0
113,65.03709362581851,3968,8.325966736989056,0.5991768935310128,0.16059369504330856,0.7565391672262407,0.7743757056592087,0.7960765869583335,0.6329338804710447,0.07115525588258109,0.24006321535646946,2,0.24095966228128052,-0.6294636486045306,0.9008836050966884,3.109253265618989,67.69543765579898,0.14367643635477023,0.913226228134345,0
163,95.61633288952461,2703,8.576285924589115,0.4546096331085807,0.5373404968431812,0.09524893397286949,0.775658861192228,0.38010671446179367,0.41987037178227127,0.8941073178047334,-0.7052944679665227,2,0.6840708864153926,-0.28936747134929064,0.43295593382789965,3.6595962728462172,88.88327476210385,0.04596229701111032,0.029708305346752617,1
175,54.757152423898205,14605,8.29911917695638,0.9154120946051312,0.19195543899572576,0.027470562512984853,0.9347204784410856,0.5138029362615095,0.5081637904581747,0.8881899529641872,-0.6800741650646915,0,0.08525822463686061,-0.32488549287910007,-0.01493643798068045,4.03767006329733,37.25530943783085,0.877159802018011,0.368030052686807,1
87,86.4911724487218,16953,4.175039574034028,0.7159223242338848,0.7192344190441468,0.4036258952698971,0.7033938144581316,0.8468798676479965,0.06297140873370044,0.854746132030725,-0.971543552541668,3,0.24470184514965854,-0.0014686507024992412,0.2812430981153773,4.601971230863834,34.05150660310931,0.01183283587977213,0.2237824361164109,0
75,99.54499607897291,7482,7.936866725025528,0.4306012617338948,0.27155045517748566,0.9935781728192187,0.44628662445163664,0.5561436047895028,0.8341352384103843,0.8450816377355016,0.5641800292472197,3,0.855308368184012,0.34936168315703875,-0.1719978966373339,-0.9234695348930373,40.270287588636116,0.06132098283506782,0.8152052811654619,0
124,112.71778194794527,12621,6.05669733249572,0.43902629684340133,0.31621512256333006,0.17488393619486264,0.5837175522892487,0.4691217234280279,0.7845056022962172,0.4802540010861547,0.6245921108469621,2,0.5829529493645202,0.9364702470523412,-0.4023483363026643,1.0205122857573858,91.32400395302966,0.8050721608281025,0.8459681446546411,0
166,43.46420818554535,8376,8.368614600911126,0.9129600584508819,0.8449708536401014,0.67264434352679,0.7933776472685905,0.7705404644955784,0.18535397572184953,0.17743165224959823,-0.6759551672711206,3,0.06952154025319546,-0.7116734796513435,0.901376136279257,-4.440220046374034,95.28216661260598,0.28200833677305603,0.20640886769189526,1
58,59.931591580930814,3800,7.189771313423694,0.21090721912465718,0.47632235220690433,0.17339606620611936,0.5435553176508784,0.4377311443701589,0.6343293572573794,0.4774880504624277,0.47904886853444895,1,0.047683144249763276,0.7460342198821637,-0.7692195419801524,6.531354647970627,65.57040834159977,0.7228203011146973,0.7108272534348722,1
148,35.24160133304174,7463,8.168215670719793,0.4581812581813107,0.6697544512182478,0.7247869749583861,0.5683166931132406,0.9269570437082237,0.8183152116542717,0.49459777066946486,-0.1329097536852808,2,0.06112287532576688,-0.43164399921947516,-0.307212863899782,7.5564925268335355,60.10975476564158,0.14622574921791376,0.7317560373014286,0
129,119.24835021583752,15860,6.497158849334177,0.6434853449730953,0.40237305072246765,0.5053536682378261,0.892281409816512,0.37391887721829864,0.6408541364156,0.4899317532448607,-0.5208102340692173,2,0.9418750501472527,0.1827455400028113,0.7981779199211863,-2.011448547716817,68.43084864101252,0.23728174859671936,0.17705769678257033,1
116,112.70009679242953,6912,6.675127522994664,0.3185739696794597,0.2980068571937554,0.6799717100893763,0.7505918390576254,0.7945848615979788,0.31039809529584483,0.5387725861151161,0.24276921614765778,2,0.8498714285610547,0.09347389596773614,0.44628286117483373,-1.9783405305547723,69.30461198773553,0.5727765165969935,0.43369591700823573,0
148,73.99571302805596,6648,4.721938160668336,0.2736790033596719,0.6254780604246614,0.2028731759142346,0.7051164590641434,0.6496840909004626,0.6561111504781671,0.2576570229911551,-0.6430318513058304,1,0.8449400420187747,0.11389683725652588,-0.9417970973540468,-4.36945396714369,33.624376395479665,0.9886358384892835,0.6203378054437996,0
149,104.20332943764213,17888,7.919936793446777,0.852221064872448,0.15485757407882128,0.745628332520502,0.5910711800834826,0.9089506936778955,0.21046174768321224,0.36624118113361503,0.5137672153060708,2,0.9242167622435459,0.44671722343762577,-0.9538006531515058,9.555757341887311,74.91287052985042,0.07344447015922317,0.02606660693259888,0
109,72.09579772720423,2855,6.096948058334858,0.9155235109188058,0.372999835566863,0.9956190596227067,0.83855682155982,0.3883365637183656,0.31825499727942086,0.43418659196346954,-0.9047695448588966,3,0.5052553902509103,-0.23662338850200815,0.03302492524914924,7.107798521758436,56.188088187874044,0.40055459798183224,0.40459183304588275,0
185,82.35856880027598,12004,6.500400591357913,0.8588851366385517,0.20903703738592228,0.6656505006259598,0.5726310606940176,0.7745264429472615,0.24006965310717865,0.13112120951649986,0.9182618658558288,3,0.24734467114334402,-0.36180007352628873,-0.03149388753995663,0.4105480435904809,61.390556707843615,0.04308097000592481,0.15495823294762068,0
85,28.912443211601662,4866,7.925488570478538,0.9190303117898782,0.6957949669407455,0.4934799980728777,0.8422381105865051,0.700438247426967,0.5569251023902065,0.4553641345615005,-0.8562494925827511,3,0.40134800423851813,0.7056691463709546,-0.11401692268736352,2.2286240720473796,22.42532834681244,0.1992264426559749,0.5418965011208873,1
94,95.52704204968079,13834,6.994227000397195,0.6424895768466972,0.9442088383461076,0.9231739886192648,0.44206088816046524,0.6360630995680325,0.1082266467655486,0.810469617069593,0.15889683849737946,3,0.7188640728838108,-0.5598099194514594,-0.3953124763219822,-0.6204955902369713,81.16453060248243,0.9074710268385046,0.8429175834609547,1
90,32.77134836352349,2182,5.005493637213338,0.8498064967922736,0.9955109680158664,0.0158518422318763,0.9187248049492501,0.6439850844028678,0.9333103803483387,0.8280595427328763,0.804388580244757,2,0.8760328715212651,-0.6395079253777138,0.9732774396272781,3.9586595248312655,86.83423690143054,0.09646010378976966,0.5247539386260373,0
60,102.60676302525283,5112,6.951163295754464,0.5072341107128804,0.45027681044159074,0.7299235192858211,0.6997398780255597,0.8053838732589715,0.3335123536628668,0.41156377190103033,-0.9761910623042993,1,0.4350909266995243,-0.9687851266894782,-0.4560253540332371,5.759626185002624,69.55372431476373,0.8568559213756336,0.035983596208683966,1
120,98.20280876703859,7670,6.038164289898279,0.7330142891832307,0.2525303896364445,0.8887465168138129,0.6631048100193819,0.9564191584543753,0.21897012710580133,0.5188083120843535,-0.002971078021885898,0,0.5353809553820612,-0.5788444359416265,-0.019919587118876203,1.7105271698780813,79.89789082373301,0.17780323811008125,0.02965724559679117,0
129,90.87446977429764,6492,6.347627710219314,0.9910684251113315,0.44282937038432413,0.06167458362095746,0.7666140469251548,0.3638761613833337,0.49654981360183126,0.03365033213505664,-0.2999860713786402,3,0.9317829932762532,0.037062866633416736,-0.19021380635386742,8.103912899374352,61.816480253768155,0.8617848465377039,0.6055031459041493,1
58,23.616038052476213,7823,4.141556372013339,0.380582179071302,0.8472694099627238,0.4500641704157582,0.7745152437377623,0.31365185332736417,0.27699781845471605,0.6744325564685969,0.1606643805158181,0,0.10749863710942908,0.07701774602822709,-0.6595011480765158,2.755387933282149,69.46827031828445,0.5380219631356752,0.3279815585256125,1
133,50.31283559453286,17114,5.050146747581408,0.5119197970328645,0.20600567855203988,0.2047194539499989,0.4792211061339974,0.8639933547368424,0.5349040863826443,0.40460588294686306,-0.5490852265246826,0,0.8622992169741239,-0.4911590176089313,-0.5947623617494429,-2.8362009638328383,51.56573587705908,0.8782066742268435,0.5726665034718926,1
188,46.311256991084285,3517,5.405190406905142,0.5840379018480686,0.9520956516529238,0.5665181655878301,0.853740153889728,0.37571857128553154,0.34850914978208547,0.4454776830833458,-0.8702015655365505,2,0.15930748225193592,-0.8554516599176003,0.8366054840195458,4.334370637564625,83.349941205001,0.15170364465152042,0.1636371089159876,1
172,56.01364074715191,7002,7.564800039294029,0.3104123896160414,0.341865768798151,0.6495429586036605,0.5655569787700377,0.9906877572562967,0.1320668107690408,0.8736727271797647,0.2518660736974139,3,0.4838613502906203,0.4892815926904124,0.7165594457119102,1.9334644886170382,57.46167442115941,0.762036551307826,0.7768623528361118,0
167,28.764274676383856,3356,4.057462366490577,0.26483088837204544,0.9858036594503049,0.302623182928755,0.9429771281019483,0.733543774271186,0.265895242027262,0.46183443456060835,-0.16630152101319506,3,0.21842312866305957,0.5159506971245995,-0.6019113883592953,9.035077946225886,74.4170323535106,0.6806985960805767,0.8607197057335678,1
148,113.69578230310628,12366,6.0438863061456605,0.8637782930572995,0.8386088875339622,0.45998166967810084,0.8907103980488995,0.7556064766778985,0.4384398449615252,0.021192246227852762,0.24497107741245938,3,0.6029476306906042,0.995672792583123,0.7513252478190271,0.8784088140387016,69.71435028956037,0.5429333873929625,0.8892256020848937,1
116,75.38022407123762,5629,8.620134352128664,0.981435498262069,0.8085705341473903,0.2793394852765595,0.6077596249208491,0.4392241920566121,0.030293226479625623,0.22749089086906238,-0.5789217063243142,0,0.5585734217082661,0.8000591410694353,-0.581627739838315,1.0429860872515606,76.18516147085998,0.810587344410973,0.3040745888313513,1
133,50.55243106580235,5628,4.559403082745619,0.5237800510637269,0.3179046737732836,0.3693911644551138,0.8846435759204287,0.4682186172076721,0.770642527014762,0.47562061430825897,-0.3225174740930363,3,0.3800073642407519,0.852124129035285,0.2530926434953942,4.7616008467241535,82.81727001001786,0.6482760244270397,0.6607353676247317,1
80,59.698151707428345,14288,6.582121941093055,0.27011986895572265,0.008777211947929464,0.15953995668842358,0.6138342995799425,0.761545212169475,0.6218245645904158,0.42439629274853574,0.12336277872922063,3,0.8633035148451244,0.5964076514878838,-0.8374389533586124,2.90479327489642,61.01707852743961,0.8770469246077496,0.2790423871302602,1
98,64.72025405048356,13431,7.932611911954235,0.2526494085524612,0.3821329088259878,0.8855594435856314,0.4605686089816244,0.9368087865539378,0.6013596072783542,0.8603701372804806,0.18622555664945462,1,0.6598133202880598,0.2310057067649982,0.7607392525182364,0.6167481630765224,85.0452759404535,0.38106214678556605,0.7627568208115785,1
187,80.05943333606173,13883,8.712656537600584,0.9130545650882389,0.30180936966269367,0.010010410559136429,0.9771329432354248,0.9876733881622966,0.546049931882766,0.5421375093061667,-0.25537038445146965,2,0.7212051249619437,-0.742908084790979,-0.8969994010690661,9.846616235201342,59.780578981728716,0.589923178273815,0.12052500222632356,1
124,71.56794276964978,10210,7.73388319766859,0.571051399782144,0.03739699040879729,0.8824091864437885,0.7915612091292641,0.43862166264176555,0.5903131723250685,0.689635741915121,-0.4398935887668871,3,0.15065973820766854,0.24462659491175542,0.10988577850227332,-0.4672173500087471,96.53074582911495,0.8706008425757117,0.7627648111211612,1
172,111.93919732144174,13595,7.602827743222031,0.45602185324991357,0.5053652565059297,0.5716788783497385,0.673659715997555,0.3938837358968531,0.9346519527072206,0.4693232970434701,-0.4525987410228083,3,0.8831656779756176,-0.8880882791707467,0.55942305036077,-0.837068120224572,80.21373988918354,0.21481406410413462,0.43972863766353476,0
122,69.69634829058302,14871,8.132440450978812,0.5811690169915196,0.4030313112827366,0.3316578441770175,0.6386640109186238,0.33948095043255333,0.00856921081074069,0.4396557340591649,-0.6506012971582031,2,0.1670401636200184,0.7705982225423846,-0.7663305271786376,7.966414427831552,33.69133197968513,0.48574135661685425,0.8555494904355281,0
73,119.21580148233127,14743,6.231006104887719,0.45464327575387786,0.6345564677415247,0.7230571254603297,0.5948232005549584,0.9078079127129295,0.04779970965774927,0.4462866684743513,-0.3491900753408257,2,0.2227849642099602,-0.03635732917160506,-0.191039464999623,-4.9494058467416675,86.3667577090745,0.960741821728669,0.7389308599861465,0
74,105.14249577450957,13196,8.029222663089165,0.591228620246096,0.6211863221940832,0.5077521518626643,0.9888685572574776,0.5063003927995281,0.19149340993080233,0.41092156969383886,-0.6011193259735601,0,0.12805513849688044,0.39494566395160047,-0.9160996970198998,-1.9812025864263854,64.12701286453073,0.47360180149468445,0.3765196406964849,1
167,40.85105143573358,8132,4.039822023727256,0.8876451175343496,0.12074663589668011,0.4991086581076065,0.48084835907854445,0.3012684237084762,0.1673013799931501,0.5385833858542034,0.2676308124598896,0,0.44035920796881556,-0.895512672608072,0.3655051546799184,3.8567003239296422,98.75687663790923,0.2528294451955403,0.9035391853604525,0
101,113.05952146439162,11324,8.622805276884025,0.6738410968496766,0.9769655461266226,0.11014228291896644,0.588883035352341,0.45667266023950015,0.18119445946918267,0.2504434017536037,0.13813399648417923,0,0.8877092317523098,0.06849684584565074,-0.38510081007729613,-2.563242082330027,77.50552349388218,0.35107623874323823,0.28333713927531035,0
55,31.63663978854761,13531,6.216532547585876,0.7557230182481403,0.18693142944144692,0.3895160259454087,0.6912985841695981,0.5383087560695928,0.6719438858486502,0.8910551938418209,-0.23482235265815987,2,0.25244751960985956,-0.39747320429327493,0.11879048927694003,9.787058840853822,26.751259725615284,0.8850841193734466,0.9669886314359233,0
144,101.74497084911916,8588,6.766900939328738,0.4917365409874693,0.44527402476470457,0.24106434585673664,0.6867997270325868,0.9936903186476795,0.4594833010501653,0.3330855480938729,-0.34833996012521107,1,0.37375342042295323,-0.4300634685255087,0.8654645408407233,1.9629343363244658,51.5968342088279,0.9548830387675503,0.7672033839556843,1
118,58.06232934765801,5311,5.274411244574411,0.7908047028084151,0.4881175434337349,0.015695905596279647,0.682819890644706,0.6664791156999571,0.9917788783346931,0.14752383417734682,-0.524771599610715,3,0.846066420075422,-0.220688170593635,-0.38828378401031527,3.9604611244082637,61.38203221386132,0.9501076426861392,0.9906748512711893,0
92,107.79743204450695,8048,7.712654164202107,0.7332936679034978,0.8130627972141201,0.36009963078211327,0.5054702894982291,0.4432997633165709,0.22688591480294484,0.09655047859774513,0.07091661791868242,2,0.6178152797588892,-0.9987210782789302,-0.9027450567294446,-2.5943980234221033,87.12108825278415,0.6989423919685712,0.053904616398477545,0
91,106.80566901074504,13564,4.383179032376244,0.29564959820164516,0.09922959609464677,0.08982212942560475,0.48695951626570033,0.5343728412994158,0.31083010102749464,0.01342291512012761,0.8378055286913766,1,0.7516163936462769,-0.06667823655965299,0.35125553539740073,-0.6593284869210825,78.34764274638181,0.5096018888246124,0.2740360458771308,0
180,100.59254001176211,16937,8.363179012734175,0.6581142824924677,0.42864427920853176,0.2568300377251852,0.5528605517971721,0.5312153812898148,0.984240716801649,0.42285607856686147,0.37140610277787434,2,0.21400004943611484,-0.02686663278412338,0.573682269028335,4.219371740191233,49.54880564893111,0.18268893490734184,0.7412642565144733,0
154,99.00304363070614,8246,8.140584145031713,0.40539479704780645,0.6285021702362039,0.09251662118309445,0.9487156922812336,0.31380802252422285,0.831758140802247,0.18761098854542468,0.4888294280711347,1,0.7164898633325755,0.7262618316781282,0.915737119755152,3.2433005992959654,72.27461500021032,0.12322101207046454,0.9222497012503753,0
131,50.46791390980408,2987,5.080300581223832,0.8432765357068743,0.21515562162405555,0.10094162555639885,0.4678317807007061,0.394628137920001,0.46979922067853275,0.021647902587247914,0.6687557273128155,2,0.22761057864177248,-0.10294878423503517,-0.6843982459486684,6.765459181617491,66.15287263187034,0.059766607641346225,0.02877081711945295,0
57,28.09192830512522,5321,8.046621991426312,0.5407501667735516,0.6274678987660728,0.19901129441518828,0.8544550620239949,0.7866375217922478,0.5545968855459897,0.5200195462895237,-0.29673005332430247,2,0.987313982210661,-0.2728874122646543,-0.21572014976770038,-0.9615023213852574,30.08420871619255,0.017714909508969257,9.295975584744376e-06,0
188,60.29801787651615,17812,7.9317886653074074,0.9957473321571897,0.9236648375496527,0.9998492444864002,0.8545290358800228,0.38417569059951423,0.8431779206528405,0.6799785486507615,-0.8742484357710247,1,0.5598861561267373,0.9894941027249267,0.6882809200509497,4.803132200598009,38.788695439888045,0.878116722105682,0.25624262925624774,1
64,37.352451498650865,6615,7.161082988769746,0.27400035035117104,0.997518131172675,0.002184142857248772,0.8858622423383573,0.46151399362428314,0.48098024604632805,0.08575105091110435,0.24511760664328852,1,0.695639258043137,0.1424266492049926,0.6137427865377589,-0.6353674137670184,47.28978501714515,0.8090863158033444,0.8527786766315614,0
59,89.49510889024617,17512,5.8676008844984375,0.8242782901921268,0.032451076790675715,0.6386726361204053,0.9319692933936133,0.5455161088830162,0.20602372358208432,0.4609207729196596,-0.6226554175439347,1,0.11840158414150281,-0.05477358273172106,0.24959141466772494,3.801289296191806,35.63867250908024,0.5678213805004708,0.767153102143225,0
184,54.609972653778556,15146,5.35749377090934,0.7389613868337253,0.2355882282446775,0.14124369802655734,0.5578217065233582,0.8304144611516056,0.8284445385543855,0.7436286786007467,0.1380872999913325,1,0.2506559800415695,-0.008128330903241165,-0.46126290959461214,4.075464515278128,32.01070766640204,0.9987232545377139,0.340277462168857,1
67,117.56102008599149,10365,5.15891795144675,0.8139990644725643,0.31030711579169745,0.9206281367107758,0.5347356815613378,0.7076806754075577,0.5377724912756434,0.9858068210084251,0.47902046631412953,1,0.13974065956435433,0.6183625950176102,-0.4319294186984448,-3.1724133296826684,24.65582161042296,0.9530520722016411,0.002011264345435748,1
184,84.0972077345332,15654,5.593044813818036,0.4460238363923651,0.3991261004449661,0.09363289333362923,0.6793033999164879,0.7822999894919977,0.1530425971638213,0.6671903446425609,0.5672766042956732,1,0.3901707152717231,-0.3186472620596783,-0.7519940107517149,3.229496660293991,89.84820524871441,0.6551089707147064,0.5547057409537272,1
138,102.24805636343609,5741,8.51779221716265,0.5936435915059205,0.2422571575847674,0.9550631871262365,0.5590535012512217,0.6969086277941205,0.5055858311843976,0.24483955080952058,-0.39632175950496906,1,0.2841358642053985,-0.22167907462810876,0.8437073475718193,-4.820925500687262,43.11547343718829,0.46457456704025346,0.23795547145095086,1
119,33.252467274184845,5052,4.388203879943906,0.8372068157789667,0.20348799455531252,0.6109263874834779,0.8405859933898645,0.7785146976553083,0.4132033805968588,0.7165536397789996,0.024866465138630334,1,0.7329222596305692,0.5117467186749307,-0.6541369707211093,2.5181612706203724,43.225648314685294,0.1521707161131296,0.7456089284998436,1
117,106.20144822726226,8574,8.144356381264792,0.386033065296684,0.9545538424175,0.001268076915490246,0.7815637460448601,0.3019895075647807,0.876842531881758,0.59792942681983,0.24193019255438464,2,0.10870897962815118,-0.8540325207724611,0.14577320235981284,5.462828329121125,36.49825099441244,0.5155938052543524,0.446349664382626,0
155,112.27571905133944,2726,5.744450375209118,0.3808265574309217,0.9185216027705179,0.894007197916806,0.9249926128315908,0.9516287010600006,0.1260554313607034,0.21179928858154773,0.6389614434012438,1,0.7520593684503682,0.7303383162865174,0.1687028339642258,-3.9075090651501694,58.03178974911064,0.15774367288552726,0.6786019230476671,0
127,68.70619188189359,5760,6.607996980056791,0.6408407626359459,0.04699250100311747,0.5217118013669183,0.44964298209224296,0.3776441616123645,0.8752098044480255,0.8511108258475547,0.5227773302098948,1,0.04570482463858749,-0.13959460706406013,-0.26078911760946233,9.080662246255407,61.1393574337898,0.398451304246189,0.8523088298882903,0
71,80.62529377509775,7806,7.972428168242454,0.6188508636238846,0.33881302160484816,0.26266973533048454,0.9490500000148449,0.5843743671838333,0.5122110168102847,0.42740442722760086,0.9759506419547406,2,0.20201783732239242,0.1625859510112968,-0.2949630779890897,1.8813329798418144,36.662508690006405,0.9426481084327509,0.5357597995185033,1
63,96.48098009029954,3875,8.421882735114856,0.4258099763303463,0.40514855367840663,0.7672791775156301,0.5760091760020537,0.8397268591713982,0.40436442998114763,0.9619776547341259,-0.9838306469399782,2,0.7919649919646029,0.5149523185196703,0.3371768371165593,9.076244134360929,68.68562702909205,0.3419789893356374,0.33595554072829237,0
92,37.48386272604125,8993,5.723907100363235,0.4384605204198582,0.23901453466594336,0.92666555388687,0.6944166075561904,0.6046615026065967,0.16196718440294033,0.722901007447778,-0.12502111827373397,0,0.7427766411078949,-0.46789615512131033,-0.22340444410292193,-3.3890236446330126,77.83999676749993,0.15278727364346711,0.769543546015249,0
148,70.25660764634424,15969,6.309217406375552,0.4222761305652524,0.6288728969881755,0.4836908231467939,0.6631668615637862,0.962789786167261,0.7008179626386793,0.6445631546318221,-0.48791102724774427,0,0.47632611391886337,0.7806284166413022,-0.4897692133239986,9.248538916293022,49.907206877236156,0.5823966042362146,0.26518723977117786,1
149,59.86630277723131,6033,6.072580324083962,0.8172096495987902,0.640380746644241,0.3155534744431109,0.8561869906626544,0.6273122639491366,0.9268067091100405,0.7283528374765619,-0.7602132257102532,1,0.04998271507755181,0.9584499445132215,-0.20173659519993814,-3.362043508619799,66.8361357485951,0.6023641741274721,0.8915188161064341,1
103,34.63739921622491,7443,4.066255167519553,0.7215206924499686,0.8505042283285971,0.7889451239349268,0.6521999856591055,0.9124575839218698,0.3753773538993198,0.47809701881822153,0.8230306563343692,1,0.6098937416692993,-0.011451277187750852,0.615324155331092,1.9224369767700402,60.1841524131557,0.19380424246791583,0.07142764673293578,0
123,56.753442229153144,2989,5.479714444293283,0.8659337467282022,0.7408692683852178,0.6817854977884547,0.9661318873896456,0.8675796793535895,0.24158500067083344,0.505226477801674,0.9959241321913725,0,0.4067241039740984,0.8738747300653467,0.9329569102623712,9.069881000902985,35.643871868488176,0.19658658758196024,0.8354686411085447,1
116,26.817230938549358,5744,6.295946168662809,0.9803784226512176,0.5425733269659556,0.8887524837502724,0.9415203295831452,0.9866904119590783,0.554866916999157,0.851207385444744,-0.6388075841905527,0,0.31652815019796976,-0.9977427549460345,0.2719004609076896,-1.509376994166927,78.40087910196623,0.989549791324827,0.09155572727095107,0
132,22.5811906949487,12878,6.055468044402199,0.5793314370175892,0.6535867700444199,0.692514012761193,0.9232966911817039,0.9485834465256828,0.7961859484338702,0.6809285366435028,-0.9231332143972728,3,0.6404106368265342,0.7884756592710567,0.5642024509682129,-4.478225287118989,84.11624222592378,0.243281072862212,0.05613698040981574,1
171,33.51662891548227,10611,7.609646137578397,0.2533551051243591,0.2739887815430181,0.2435283388995363,0.44275499958893677,0.9286866842990151,0.0037676945505330517,0.8972433251916417,-0.4498911046389993,3,0.43661456220172634,-0.3779093604973889,0.0656497226252204,6.896660125423313,71.90344924697341,0.8381920347835841,0.3632569373481609,0
174,116.31151115891738,2593,5.924018086105516,0.23847384832962837,0.5930561899673576,0.931659249759019,0.9125548369323637,0.8121230383636278,0.6313774363954292,0.8908267535742685,0.6697238361327913,1,0.09242110045317864,-0.3770091505447961,0.24964628418687562,3.938254565035148,45.9116822216841,0.4703238255459795,0.956549354474828,0
130,74.9529535895017,16820,6.446882244853351,0.43653203141729535,0.48922725474991924,0.10483574720599131,0.8689812672659263,0.5568987030877546,0.5965160006986309,0.9764900340442492,-0.4122198336013665,3,0.9159504705123444,-0.5438222704601212,0.9761733134731196,2.7088178935216103,94.1433995527441,0.434989238912728,0.9834860541916022,0
89,116.582216115322,3774,6.148042960661817,0.9460356714819607,0.1333444673163704,0.26794275010684787,0.4621077682036786,0.3742877929954317,0.31815218580416005,0.7002146588453342,-0.8861970390047569,0,0.778493099453379,-0.3659721976981962,-0.12316227059617701,-4.484849234701724,56.428671039609945,0.2949624161637524,0.2020705009661593,1
55,63.2497878330132,12651,7.703130744471853,0.6185704439766999,0.24254427658297073,0.5201946077238856,0.46444859526173315,0.7820515365850729,0.45142300360497034,0.502301717661742,-0.8950156320939402,1,0.05637819129055244,-0.5730308326027298,-0.8674906060916001,4.798469032102677,41.270278830807825,0.7738257968923308,0.14863755566206616,1
94,51.181613308525954,2935,8.314861994934812,0.41742921286410334,0.29169345072158603,0.5657420260709014,0.4606982869105247,0.9850578569365753,0.24696322416182093,0.16631170020908237,-0.14515439526112717,2,0.5250638701906956,0.8117382126199435,0.9140138356387093,-2.4256497217315283,52.65876966575652,0.8806608784415548,0.3529533315547776,1
118,70.61418628402441,15395,6.6594453950375705,0.5193334356088157,0.924309567052558,0.015310586626905431,0.40679955592269257,0.8086231061323081,0.7898857379518428,0.7053805596474173,0.8636514461232394,2,0.0833775628986283,0.7980474544267329,0.5861234418070953,8.96795020307043,75.3660073526568,0.2611274615590803,0.33708684088107377,1
114,63.95116886329101,15424,7.947160970975956,0.6788760859237366,0.23038663938588944,0.78057272582094,0.7291805831167502,0.9501105584941347,0.6345349333661077,0.2915777167599307,-0.42815911672073614,0,0.837289859058485,-0.795577370158755,-0.20337926427285735,5.28590426613523,87.67454285273993,0.09509666934911398,0.7595928827379745,0
118,30.566468426174392,5808,5.483933410099253,0.7223597265102739,0.28924390281966816,0.3616073184253895,0.984036574861626,0.8630132990688617,0.5327116220389853,0.28294756803733123,-0.14568463859791247,3,0.6130139610519718,-0.7142831422670151,0.9647901072455376,5.605508320507548,48.52603994262981,0.13691955288560986,0.44399902074672615,0
147,84.08263146902063,2331,6.706848050786343,0.32313560782632406,0.3693541300894323,0.4064185410021378,0.6632108217398762,0.4141802725816751,0.3925261984178272,0.2382877764480681,-0.7961323892347829,2,0.17244913357306846,0.7240372780213331,-0.3089284993027477,-1.5112959108307935,38.60995568074998,0.7928035347662441,0.7798835857345133,0
126,41.60381825095996,13641,5.726149768349862,0.9816253412361409,0.663742738625387,0.8093695444369458,0.7244545011324138,0.4744426394139011,0.29138438602073213,0.8751220573514502,-0.012854413462037861,3,0.02074134280620077,-0.2021244582545081,-0.2557596079839426,8.211307570850776,70.11945054681638,0.4358269113196258,0.7487130970250458,0
65,81.95879548978296,9922,6.071004627859152,0.6358177815862311,0.11823839247214052,0.37928339172754455,0.9807818780619734,0.5393059212336453,0.8227364860434314,0.8679644466821582,0.393094128571408,2,0.03158101214642062,-0.6614566453214434,0.21946270637984155,3.065988561748016,93.69720800850284,0.13191465841072292,0.5783104301259233,1
159,85.02010923981534,4702,7.662069324063343,0.30855065423382344,0.9539452124937761,0.04722487649475482,0.5531093372645384,0.4177823110366029,0.451407670433569,0.6309704448700582,-0.45769927764556084,3,0.5073654720648297,0.021338804873134443,-0.4513052276892866,7.856262667213457,34.66346908475373,0.34028820641962454,0.8335120997416551,1
68,35.20248531286481,16376,8.408312411663562,0.9149082026769071,0.8655712200947645,0.1764397704703503,0.9150821515589578,0.7071559328711047,0.5014474198416727,0.47298098137073585,-0.40657738294263046,2,0.7343734786767738,-0.16666390015981003,0.3971429702614655,-0.9357878775158603,84.24155058394932,0.514235482853053,0.1956477465527071,1
114,26.134962711066816,14198,4.607476955438827,0.25971074486354306,0.5772160730089502,0.9559031723881823,0.7278342803270417,0.9828153668944659,0.5208287305407416,0.672114460098799,0.6839500508125425,2,0.12084045133395915,-0.5616768925240696,-0.6942993920989882,6.331925696473691,58.12857451899873,0.8520516838450082,0.1618104956605133,1
84,98.07615860684398,7889,7.173196282436903,0.9261883465420102,0.6740378674249567,0.07040536240251416,0.7416859087978065,0.833021183405311,0.44836693543157646,0.6072294502983907,-0.9792725553056458,1,0.22128406591495753,0.4415044365552687,-0.783949361283693,3.6185035549007125,83.96100031696733,0.641743254225175,0.7506502585026682,0
89,65.98004237693202,7054,6.910719037888993,0.9972525250311859,0.01666047124421599,0.3549312009680162,0.6059043143243701,0.5963707243472233,0.25608842623842376,0.41573424832338735,0.27294141710019404,1,0.3272599451695323,0.2625786246654618,0.0697560151283112,-4.273710412841275,60.44329198186327,0.17603280108000074,0.2447970621552955,1
59,25.81637955054758,5868,4.5920751958796595,0.7603454393252032,0.3389447753484487,0.5031791670513446,0.7369506165801449,0.30315313668620203,0.12034044024305202,0.37963086748563435,-0.21223073011676608,0,0.218076782061153,-0.8006767728891189,0.11098736478880222,1.0801348565993045,50.18622194417755,0.15870271235833644,0.0027943838203846605,1
137,119.48663171697672,6200,5.059471652200545,0.8163577768591919,0.795660230661442,0.49328082733856005,0.4438855056869704,0.519293207796725,0.0985372671677407,0.3827943081453502,-0.403238972877062,2,0.39133656268715866,0.850773428650685,-0.7866898607406188,-2.241343023148027,75.73928001677206,0.4123342156333225,0.9119601686445381,1
177,25.778056099636665,2201,5.5550124736634015,0.46984226917398914,0.07748297379238589,0.003959943012142753,0.8587861435684674,0.6687315013845506,0.7574625233406886,0.5891334031560382,0.31518766448775426,3,0.5596150057650762,0.11693993146013826,0.9283525222623021,0.3876038181813417,92.05018356759179,0.07519284770175638,0.6229370580330629,0
132,89.50352288585532,4497,4.8346553540875075,0.953261482187147,0.2823138342107202,0.5011627314574904,0.570812656926563,0.5269756116963794,0.22352782230151136,0.6476693561208259,0.6693370435794104,2,0.6849367482413092,-0.49959102587291637,0.1465733152141675,0.7502745139783364,45.620138429614485,0.755577195283873,0.4449376980079407,0
116,118.36789252634136,3842,5.218647412621709,0.6237711728866941,0.5852968283343113,0.3837724579774092,0.932564997696373,0.37772444611670164,0.05567281495397558,0.451741753515442,0.11678423265734739,3,0.9637751822072285,-0.587416369855273,-0.6979300150061478,2.1239252954257717,56.85985079954975,0.4014538203037721,0.7257365100090378,0
186,43.91801042159256,12058,5.338003994308537,0.7859107572780439,0.2564130276989418,0.9720793354745572,0.620710416764475,0.6099354698033261,0.797517406695886,0.968691450213043,-0.937810756113888,3,0.9308436696831945,-0.7281040372555969,-0.37711495133540196,4.004356640926947,38.3520501357218,0.3430237727813903,0.33333173311528586,1
143,34.22493686871962,12188,5.678369165195298,0.9392861727290236,0.9339779741445192,0.15915908399382983,0.4856944662921296,0.4772769718760013,0.154061652860648,0.08384571800448104,-0.07719761834884786,2,0.5701269748289145,-0.1507251872192985,0.6004684278663253,3.5646647874729886,34.672757089388064,0.5091083323914358,0.9536660570954177,0
96,32.13849394224289,15577,7.746952264005795,0.9801439807804067,0.13105863080429037,0.354154196759495,0.8175289446210909,0.9364626635230511,0.625146091733354,0.347047025953777,-0.0744801182120538,3,0.7341500564563547,-0.7289179738183265,0.046463055731063685,-4.415128929425074,82.23121139137402,0.7089568037628478,0.0686202889474109,0
143,50.327514756759555,11101,6.859561019253004,0.8665634852773396,0.7973943579077786,0.41948148508981975,0.49874688682810175,0.371228169950711,0.3386432714478632,0.41907468312544094,0.08759698960921569,0,0.9508722046254279,-0.16836717480954766,-0.6237033029068888,6.260338277330828,36.0531293350754,0.5693469444930521,0.640948190662361,0
94,30.104581101064667,14497,8.931233359757007,0.44241400558562405,0.5079486919064082,0.3906935371009488,0.8522083093257943,0.33440684010729727,0.12648025669130947,0.016921343464943117,0.34191780208710454,1,0.08347194454140483,-0.7024591435317646,-0.7943020558763905,9.237758267091523,83.465453706756,0.8024027817219871,0.7772894828612735,0
126,89.2161341694132,6658,6.073679134837355,0.973238013241666,0.750330775819956,0.6658308276518625,0.98086734184367,0.3037199184084034,0.4144809792543599,0.36495718766822516,-0.9613631929313191,3,0.005634759861429139,0.31361504304777865,-0.1384511755250304,0.23021933477449963,54.33736414722116,0.6293625638701175,0.4691259078935094,0
93,26.22917981300627,13381,7.769325369184625,0.7024956249948575,0.31071532831144744,0.21551285754776883,0.867731721277157,0.5296487791399604,0.01480886113262514,0.27370991717284254,0.004025248799500947,2,0.029799763729583262,0.5704840433727165,-0.3251705826271316,-2.3037964799261217,99.60389787261727,0.7879702674082638,0.7549683550660359,0
158,70.94221281497897,17048,8.357342106882669,0.9445139810815679,0.5144896023120388,0.22107155281399182,0.41346954905879485,0.762270786740622,0.8410449825125603,0.5060362702274808,0.1766155387611814,1,0.5633493623729638,0.0990454950455173,0.31183470496394694,3.100023446730779,35.78731345530314,0.6967822735646749,0.9269103978785693,1
68,119.66968538529768,9544,7.3948924651902095,0.7408840206514815,0.8568353497231763,0.7292109485008531,0.7599314728316648,0.8112896270172549,0.5134979613418572,0.33641054718326924,-0.3132932271678961,0,0.7628334253025342,0.3601137497097946,0.8504939739023307,5.5736939236621605,27.43823940102608,0.1931228402637365,0.7439939006792845,1
86,101.39702695060188,9718,6.05932370208748,0.44579116947817643,0.4668780991231044,0.5002905186781796,0.8172464025818347,0.6172831783672061,0.13916001090796182,0.7261821349464612,0.33673045318086614,3,0.3670749507450346,0.8767574741681219,-0.5045394284516824,5.183573417914948,26.03464556827965,0.05235445018579876,0.3093668671363111,0
179,81.52194382310108,15851,7.767973153728764,0.49601961931425276,0.3597198619102696,0.4151556760573104,0.8952749954777711,0.7790300553186866,0.2369803183889847,0.5099324954076485,-0.5436445657416578,3,0.5452391747276186,0.27674305914121566,0.7104678665656903,4.181643662512874,86.83344037793606,0.9033968005033816,0.5618463747192025,1
151,50.62536207866117,2770,5.0183356888634245,0.6403774216823523,0.5361553862527361,0.1692030516772518,0.4336013853634001,0.5519398253507544,0.44797519213852666,0.12976223349626437,-0.3652553338650968,1,0.5163663185485369,-0.27168360363223476,0.840923956890401,-2.8065162180768715,55.02210488466747,0.9456561653820842,0.9116035178596232,0
77,82.38958362916384,5155,5.637760825900662,0.8320118732479056,0.7173627530363669,0.1875272229121666,0.6880646967713718,0.7674643539906318,0.18886938281554866,0.7500613241443472,0.925510694848652,3,0.09477089159201957,-0.10103968265016894,0.8040051989398029,7.552373416044976,20.24994797178973,0.7269322966314722,0.4490977254824927,1
117,72.70414639116515,12693,6.733426275496444,0.454386041072268,0.44356334549850274,0.010551636815900545,0.7212225235830366,0.3284171897116614,0.26859916150108587,0.0992288960826766,-0.30385925827771976,2,0.32158826422404896,0.7210504521440739,0.9041546598908707,1.38432343628223,89.98170900026687,0.724205822695949,0.6816984949157149,0
107,62.60833838903715,12906,6.877046936430742,0.6637849329073537,0.938876975142273,0.09142626886170924,0.5014749175865069,0.5735270891969029,0.5343855642352632,0.8390491680793574,-0.30699822526850995,1,0.01943515518230199,-0.7385593620998072,0.6842172442585506,-1.67797125452195,90.15368055282435,0.2701470804941095,0.4655147251288725,1
158,33.07103767401995,14916,4.1107073773631475,0.47649999486112127,0.29494582404234204,0.556838694690241,0.5934698858263898,0.8535947743432253,0.8326090130383855,0.9314221940862194,0.1913612716462305,1,0.11070568880651088,-0.34852595509913464,0.18697201079334036,-3.7060078840535526,84.51333392150327,0.5424417088818329,0.12134415694036216,0
158,108.66042152404667,13777,8.725570943780044,0.8526155237080857,0.4754636061691204,0.8918731300084098,0.6641330357536992,0.8621042213213008,0.4018396856899208,0.3224452901848539,0.9419506597201204,3,0.8118582229097778,0.15456013794096823,-0.18030780257951617,1.2507867245957351,39.8654786419874,0.9922396637046083,0.0585976358762752,0
93,64.97846488213224,3628,7.48313635608695,0.5733824750143603,0.7569276593414415,0.28716476513055744,0.8999258127746809,0.8013041452129861,0.7169752735535483,0.9261426332629309,0.9661608919060007,0,0.8294134972483189,0.35277913881686884,-0.016624427932457442,4.26959570270961,49.82021760537385,0.8561435980700195,0.9522739596286872,1
188,39.46225118207651,15989,6.478518751159456,0.2613782614823082,0.6891210904957582,0.32774722589612815,0.9576445396421241,0.44296703439890506,0.8766842134606484,0.7930081591225383,0.15931592735263211,0,0.8019463200450697,0.5269981508634105,0.7452243497551705,4.980665637272615,79.59409801563869,0.30439435255199665,0.6125417734210956,0
121,56.77593508772896,2386,8.665636172041541,0.3328420171852291,0.8636410524171562,0.1156056106115122,0.7770536973506037,0.47304358325144324,0.21630094029616198,0.9224356110037699,-0.9978259603901349,0,0.7268186409522366,-0.3635864080078257,-0.3972032451656351,9.441053670958851,59.14825003260682,0.3010458656978904,0.10381491312249158,1
189,61.4129752528927,8031,6.195477826254143,0.24888373409570586,0.9968091806811089,0.38863094560710276,0.6369671116128772,0.9972621090851586,0.8071919704021601,0.6662701369208477,0.8013131015367994,0,0.7933128463999017,-0.7082817319816994,-0.6814766113178112,-2.7027787450436387,32.3061261378842,0.48357729114805914,0.8574385584698381,0
96,102.75378955668742,13613,8.902177851351858,0.5994423568114602,0.42685832879508956,0.03722170456932916,0.5524186106793916,0.3723646050413719,0.7574021983310274,0.23564403942142187,0.14047592915409624,1,0.6709823412695184,0.9096784193531195,-0.7183615637324097,9.78660497796328,39.42386116221379,0.4045986661677845,0.5226931365108133,0
69,93.3614380561402,8439,6.561423786217425,0.28506983787858176,0.11115087978331184,0.9176006962619002,0.9892811106616902,0.42646388923168654,0.356937297948135,0.8945232369109726,-0.2680071834201283,1,0.6698333388162886,-0.847215565735921,0.6539892198100008,4.820138208583419,97.80716294012458,0.37115304628017465,0.7719321122398732,0
165,96.93048936413398,8401,4.571428849989897,0.2913119754477057,0.030415880807967977,0.6731113481245287,0.989811998845815,0.3910183789550928,0.9895199595008671,0.18426507617074372,0.6583902820318766,3,0.667361797491808,-0.8083892884262291,0.5229713726601954,1.8134358656080218,32.081049394168495,0.6269719088061033,0.12675619562541507,0
87,21.10312644286472,15392,7.824004862296386,0.9528386080307016,0.7268769061397716,0.9907488093932189,0.9549861689410208,0.5293584745785309,0.262572371435957,0.21306055101753552,-0.20033508129958988,0,0.5140427896782042,-0.010114916196062307,-0.00470931790731699,8.322913387722389,78.08646053425508,0.011492469633537561,0.9069104318295861,1
92,61.615399817976154,6008,7.394488625389203,0.8981240577408445,0.8740136713087157,0.8828231626784937,0.8714014899266915,0.44712308466374634,0.25480326603169556,0.2710629901403637,-0.9319109875994707,0,0.36334723346484443,0.6385420562871966,-0.4502571438156937,5.417196129300892,58.24146453276312,0.7633396360332768,0.5905354396820256,1
151,68.13441516353237,14285,7.864933606527934,0.5616692774490928,0.22071258594441867,0.47299059369815266,0.595467726247371,0.6483815716834405,0.7722591646531978,0.30424631148658465,0.6421444461140375,3,0.730195266161555,0.5490082127106535,0.3552263510852227,0.2307582228552283,79.88813276417278,0.740052996675785,0.738260680749041,1
87,21.919227682305667,14555,8.757210143628406,0.9886442566801648,0.15844803718990597,0.5196850311503769,0.8902002900985784,0.6332144948160838,0.4346573180510842,0.5144796421310306,0.09171880203952454,3,0.2986460135867416,0.8753985323881837,-0.9231338051350604,8.261285448646925,72.88905929155145,0.8303256805947012,0.03137968801685298,1
140,45.981320874503425,4466,7.882446513255091,0.2001492225365305,0.06220509152569098,0.19057604651719384,0.6452758103627035,0.931053933615912,0.33079499478104324,0.7134573604340441,-0.32371292355160763,3,0.5429021314776192,-0.7167948487740232,0.13645563133332272,4.999231852293022,55.13337524434608,0.8414506733068134,0.31530490019900315,1
120,96.0289823122135,4282,7.056683011083234,0.691183565018715,0.8227029217172064,0.4620393428395556,0.5960638588930272,0.32431796321134704,0.17866280533910295,0.9262081744006837,-0.4982152472922976,2,0.4333556202178813,-0.24854548587512793,-0.2031496625210727,5.482560336913291,48.31286597464537,0.5663996947604685,0.2674454143954117,0
64,33.7109705728999,3856,8.286544511804205,0.6931425418974961,0.31138193989258434,0.9030278734928117,0.8469192150797678,0.5239157036674343,0.7653324309345441,0.08843758733550244,0.18759491883085122,3,0.27662227709370113,-0.43571574255657985,0.955719267623937,8.445848321290391,80.34874034849004,0.7800739356232906,0.9495949952878708,0
59,73.53101314525917,17670,7.366232196772658,0.5659544446959106,0.4016968927597765,0.05085342363582113,0.44779235657225375,0.717660524397963,0.786321806136077,0.9543693622282359,-0.5839009035497997,3,0.9746899204524633,0.7217402471093439,0.015120498221051992,1.7262431195358285,45.85129650078612,0.4923951254805192,0.18533856888033606,1
177,41.52018720172375,9980,6.0405952841296155,0.5175583783474342,0.5027501916096123,0.8635568029983097,0.429137633977397,0.7233612332907746,0.5665640032301404,0.9213229670968134,-0.35229822688599355,2,0.2587516452018195,-0.023290759437599284,0.10453550490053565,4.853561589396348,83.02171840708547,0.9515298364183005,0.7070517267140926,0
128,21.212077464389328,3998,8.428098821208867,0.564306508384486,0.8394532342095508,0.34094780164260974,0.6687722183087114,0.6360883603099464,0.9573136131913729,0.05399929218103894,0.27306061882796717,0,0.30929306372303,-0.9463041311686673,0.42472532688563835,6.170335324566706,74.38744530659616,0.19069852978743473,0.042753537749293025,1
151,44.12014575995415,17321,5.1095023039218646,0.5319683488637443,0.6508332215614849,0.8995127650963098,0.6673832804932971,0.8709658785702437,0.31816327042265424,0.3603211376915627,0.763088900811864,1,0.16158750175806824,0.41592881367679313,-0.03092303774870664,1.8091008719617232,66.21353361865351,0.9156170920738993,0.19768408569423856,0
172,117.58737549100537,7476,7.573206374543621,0.7843939819858397,0.6150646298578113,0.9408799063414847,0.9373864918383009,0.34390551999012114,0.2196190454793372,0.8131433902993365,0.06578065678319756,0,0.8229806253142905,-0.22260380434679483,-0.5508627614464972,-3.7482182639330985,49.50407079218379,0.2585303612677231,0.3385973542543528,1
92,100.15371118829896,11428,8.407817274703785,0.30828434797862725,0.1756720999559107,0.6708648870019059,0.4756918577726901,0.8708414359060952,0.6774667689344619,0.6115765454794011,0.5182127965981851,1,0.5865894005544894,0.062293526742024596,0.07455569309689603,6.571596536415411,36.406508621309996,0.10272337368685203,0.7945058478747417,0
101,115.95766443210334,6669,7.656582598516481,0.35811137647290414,0.5131898917098298,0.6644237865926779,0.4739703564714477,0.6463279683049925,0.7584086407997047,0.7790939433817704,0.5261212075260837,1,0.6130392564723857,0.787574854019996,0.8885377417814408,-4.2827547088495725,76.8335840992531,0.4391044474069674,0.7899765800618004,0
163,68.78540439263625,14336,7.486377095269285,0.3444145827139389,0.7153810171786552,0.4527543377087401,0.4884715602849407,0.3936324865539015,0.22490597055182238,0.7190333387898875,0.3287079053187736,3,0.8205614117990978,-0.48652445073437667,-0.18017802366305635,5.768716025841073,27.307938173646473,0.6149172424160594,0.9526018617431619,1
69,30.97361986775035,11342,7.76319147035918,0.40997646809701166,0.9732608830304917,0.8355402245437075,0.4178417567767616,0.9199913394783343,0.07661076426111324,0.49677011312716357,-0.5083233246389647,3,0.3429196586298794,-0.5194706487756457,0.35928190999934606,8.663128127868296,97.64338049246078,0.23098987319995223,0.9167675026668848,0
59,74.7959488973693,6318,6.3252762415032215,0.6202067350252667,0.20140630921335223,0.9616127584332832,0.44303904268894506,0.7544601456786744,0.810516486586372,0.04121804595169953,0.7335771963004838,2,0.19363342538021378,-0.47361499163982135,0.9560683777713699,0.20453497555027766,98.299833169239,0.5557962411442978,0.08151459504501635,1
101,65.4377334559961,9064,8.37085341078513,0.288966997870575,0.009543353067226645,0.7750818003391192,0.7959219200974235,0.41448198077689746,0.9765019736460124,0.584268202064501,-0.127448688720867,0,0.19840536399390396,-0.3237840174805946,0.659844625966981,-3.4690732229325976,30.41780927665109,0.8078933569345047,0.8298677221446958,0
122,104.4357082739616,9446,5.017182375680456,0.8945354362612032,0.07530143359846975,0.6219367337567092,0.6589505974705056,0.3235548063793186,0.6446722860722843,0.04856665305929597,-0.9115785121285989,0,0.7326198214622593,-0.7852920507078007,0.3180682661666474,-1.5070401531373836,28.314825837784177,0.25708496580372275,0.4511735795400168,1
130,29.80825807842446,3431,4.636932080001697,0.43788922504677785,0.37585246518197923,0.6067928958213368,0.8581618402528082,0.3987767538328545,0.27786690014389415,0.6037267175351309,-0.5107746598609497,1,0.6141151544624475,0.3944393216171789,0.4719929766610287,3.4342234618808867,53.0173381666424,0.580322245914203,0.8658860907297334,0
184,68.82411370217781,7624,5.427543900592558,0.33003038997496625,0.8205446477459871,0.8494699015836623,0.9955586311489961,0.7261585721262754,0.996672608552792,0.8004108624936782,0.5310967081986315,3,0.20633887858208888,-0.5852025643417269,0.8729664960341501,9.139896146591296,97.09466178084017,0.3393125961930803,0.08928625153113057,1
149,35.00486646939842,9461,6.657886983874966,0.7404970476785946,0.0071420817682450455,0.5412037657712984,0.7954208086594008,0.4255073646820339,0.8932666362670775,0.5849917487019186,-0.8617333283650213,3,0.14506539464042356,0.8522914945411715,0.9195042088007133,2.6842409482917517,52.024871938489035,0.5297684675304802,0.8227691015073356,0
169,52.467592689006,3819,6.55280897704669,0.23046904047945543,0.4567305928858403,0.8038598862488227,0.43027334237207426,0.45803415241251966,0.5133806462802939,0.9970218045616971,-0.7052711956901776,0,0.12068730516197279,-0.5686273721802586,0.9379362606439916,-3.308940677049556,49.10416867458679,0.6669190195749695,0.1596425190007743,0
90,93.73570773877996,12516,8.102993788382932,0.6959748518993314,0.32923061534139453,0.5088852551742458,0.46273771885260495,0.3175978080294199,0.8253212848418338,0.45586650018043307,0.3884536320834089,2,0.6277986477030377,-0.4887159413824498,0.251283256405044,4.416747605745069,76.2868047199017,0.3504225718160924,0.3338416300693422,1
80,67.60181293687666,15749,6.022843282020087,0.7585587445411999,0.052481710099727574,0.06244427497392413,0.9286024508888246,0.8060514705670225,0.8158205232629668,0.7488274636039874,0.7852015794550811,3,0.00011864491085000761,-0.4059595423783673,-0.23057670026952692,5.992674051819121,34.29849892761816,0.994482882452134,0.02884840029002167,1
97,57.58882851457693,3130,6.4217221314575434,0.3719332251093754,0.4502362866726173,0.38394700890415523,0.7164975667349569,0.8672550798316059,0.9347989696734995,0.6672132917419075,0.26746401011527365,2,0.01831934260354373,0.5370761940228319,-0.7336937420874001,0.8992550498918641,49.06587868590012,0.5637751984296409,0.12372808818713854,1
81,59.44762785700353,15969,4.066838416296978,0.23357125875490745,0.25474870733671884,0.4444409576714987,0.894902295637444,0.8577937237404862,0.8409238437734601,0.991431691558088,-0.5554178923408908,0,0.3895531356260953,-0.14478702511594044,-0.2289039973191942,5.8227109651812174,43.30459570195902,0.8244615590929387,0.44572588541238267,1
123,65.94467684059866,8563,6.048696182214695,0.4909162871355597,0.35188483434700646,0.1416172449866172,0.9139674017349556,0.38929770595499896,0.6436792359571645,0.7132190050771051,-0.8931724735009028,0,0.6913498642761624,0.6386692480612373,0.8859109094712381,-0.12765777291215397,68.1227698104501,0.7251352229107911,0.8183383356344703,0
65,98.50165438370568,4658,7.2388711647517106,0.2788753841935492,0.705615304784293,0.10249632918921281,0.9566047248997115,0.9323107891721314,0.6093037189565074,0.1640307314593894,0.23025316510062344,2,0.6950393764974039,0.569707424711577,0.7795941611847792,6.836352273946201,33.020230897133104,0.8528053137029477,0.7736697713650498,0
128,109.20846889402344,5500,4.077541653132961,0.29318227973866967,0.5215509839109671,0.5354649496569541,0.9698975232918194,0.770595180631856,0.4673572883316117,0.9555177064172409,-0.905202844137672,3,0.4301182736076906,0.858980845534933,0.047319324125757234,0.11608239355103489,63.8961004484989,0.17380095453856792,0.23529776177631323,0
158,115.53346865039283,10566,5.404409825931219,0.4034089851558917,0.12464742899281334,0.08514363655608215,0.7328954779019837,0.9282700356638052,0.6264856399707573,0.6677772264457613,0.225444103883514,0,0.6910736066045696,0.5132083102081095,0.0740145731878481,-1.1583936259906107,88.6037271949476,0.22255370972767097,0.15169044906928097,0
92,98.6903386255295,4120,5.03978179644695,0.4363743397014075,0.961414540423639,0.30294516789008397,0.6046121033536204,0.6130123531714644,0.7952165865303827,0.05933823080638989,-0.5488401116778099,1,0.5210961795801254,-0.8961776606618743,-0.382159300810061,8.187721088373625,61.13364373660815,0.4874111778902902,0.38926346298177006,0
188,51.54068957480128,6020,4.209927144547941,0.6239762728171365,0.6359107657097384,0.744596975963076,0.9771189246087991,0.6058684027585883,0.9690376263025533,0.6575683057846125,0.8093121248176594,0,0.9769314167973153,0.6745625473981167,-0.09098421985903715,3.227101317630943,74.67972936784682,0.8523286764854423,0.8832683472128847,1
77,88.81347060865421,12213,6.396300449572688,0.7427135084024106,0.7658684256625315,0.9644321795679808,0.7284438436007352,0.8491755630794267,0.4672873581821201,0.8831194066747751,-0.04981466302527626,3,0.16246021383683307,0.8761451934108224,0.42889698787879027,-0.7226556688747285,26.01984141423463,0.19760658139085874,0.09142507416300316,1
101,63.760312405539196,13897,4.908616466140782,0.6742167526961478,0.07921315000837081,0.7178705805519285,0.4385516337727666,0.36530849883372046,0.5736532029887571,0.577041861990025,-0.5521231333806087,1,0.6006672677056056,0.9873783850993381,-0.19513854870441616,9.02630334470601,55.92044633976344,0.9710658321072984,0.5429140103443503,1
144,45.467062204605114,15341,7.7154076981569,0.31868826983161347,0.047058379460018895,0.9926255484528702,0.785665930035919,0.66461182564442,0.44480549505878175,0.3540196380320112,0.7062906331171832,0,0.4912387759510036,-0.7494648117350697,-0.6240322558479323,5.362767631990739,27.591453394868157,0.1276023083151414,0.0888074794030419,1
100,104.08715794259226,5259,8.239639418816743,0.3376688259621011,0.01944805036808117,0.6983379712794027,0.7526108502370065,0.8854689649418579,0.668488620983404,0.820909634070616,-0.49192920310498334,3,0.1944663446576944,0.22654653865306917,0.08171915765015547,-1.689494005166492,67.95693406293255,0.175077945180508,0.47021212116423894,1
161,23.8426348962325,13627,6.727925913345739,0.9030153998343315,0.18879402777344445,0.2937944706543275,0.9374757237368236,0.8811347941487,0.6299205040612595,0.7825120082058294,-0.386801846950249,3,0.7499904321417035,-0.6010826682316812,-0.549326177091344,4.21963531889171,42.48434969390548,0.16723378336607542,0.12679151216098228,0
158,110.17619921354235,12081,8.908536712605708,0.6466818520512909,0.41440839771849514,0.6720525405053619,0.7919123134946875,0.9692929994396582,0.0178337901936233,0.5441821542313008,0.6685557981109114,0,0.27550801993199525,-0.47498071817480203,0.9485751120252002,8.055382469335369,42.98126647933984,0.5860059530346196,0.08033693499936478,0
165,66.1477464624734,3823,6.252392857352977,0.8959502663181513,0.9358261334028228,0.7021567651969038,0.6094314546769308,0.7887908154713825,0.5411615591006584,0.15436176989590034,-0.3824159403988081,3,0.3817098190935416,0.49116867644571593,-0.21932017197609177,5.442297138100862,26.141338971598458,0.9175410815966359,0.19084933306358476,1
158,83.72014768082803,3474,6.566841051124578,0.4972372090558995,0.4570596592657763,0.3717269846164606,0.9797354354234923,0.4454394406078098,0.08848689569901402,0.25098648552318137,-0.1796724615387253,2,0.37483056958753,0.9553354353981207,0.8193299432182324,-1.3286127385980433,44.819028915258755,0.25511138716643833,0.2552560193687662,1
114,85.93539222057827,4242,8.946088769788751,0.691520005945059,0.2902551053725294,0.017713850609389015,0.8809716915892202,0.31419622042620654,0.026383618005538345,0.7384839721861057,-0.3046686584822669,1,0.2442044731879488,0.1897110029260458,-0.5488920067927514,4.732724930417723,60.53417416856779,0.5530368534585615,0.2762653791314248,1
154,109.51177407065364,15467,5.157742179825244,0.6189307328436886,0.5619352535196633,0.703199784775487,0.7782505710288126,0.6355910590389713,0.7911971620846983,0.8060821653949275,-0.7671993643392483,2,0.4307053316984052,0.7011689396444947,-0.6215819893884471,4.287390590803012,66.77280825374092,0.17577251004746075,0.6452679472473328,0
122,83.66696821672073,5243,8.712729698384527,0.45529879185637007,0.11193457813478924,0.02170009527554162,0.5757551220418737,0.6595927059357889,0.2586498621593005,0.2792652780409898,-0.9222083755063477,0,0.4733458809276183,-0.9822323923423442,0.23380225807947475,7.31265495368033,25.333244102065862,0.6311368962077986,0.05498187562288126,1
187,81.39335847600617,8990,4.214187775595566,0.5759322976268764,0.6095058910049832,0.6311880780600712,0.6241241777885773,0.468183809149252,0.34065507728729927,0.36798507718678664,0.44908134812196265,2,0.7442216728093075,-0.9267367203007615,0.5587581566066413,-2.328011045049503,72.11673485728562,0.12324633617951175,0.08080905990536413,1
174,26.665204056068994,7160,6.231934451315974,0.6019927014615456,0.5684319543305033,0.16361648874255508,0.801981954457994,0.3872882129865222,0.06408458760406621,0.07763188524979514,0.2902742478714413,0,0.7650685743770371,0.19344867465172677,0.13352912770475145,5.494520005020398,59.11006086027957,0.49131076751269787,0.1887061614792671,1
91,71.8408021945204,5134,4.350017560665329,0.3606167798053429,0.7919930334057097,0.5656035277480433,0.4431884910779931,0.7103457163333562,0.17950026049435064,0.7134619483664998,-0.43526786489588565,0,0.15855596829166207,-0.22203379679912172,-0.5404086327894813,-4.589439617994469,62.952640633138785,0.6551818136768675,0.872063069181422,0
126,35.016900081704165,4070,7.646173714568215,0.4520082979013853,0.9866876116170241,0.5039130253806,0.5540083549901581,0.834978971816899,0.7656048182577924,0.003577544600031346,-0.408801750030243,3,0.5927722993275321,0.7795156299463077,-0.9242112742320079,5.4426295095365145,86.62373390142358,0.5791279167555102,0.6286049260632328,1
181,93.74337687214856,2359,7.042044679400089,0.8331278004055804,0.2508734717161105,0.013513642306182572,0.8283405600379588,0.9952078725131124,0.4935308302326209,0.04654152121906807,0.8900115660173626,3,0.8961977982793955,-0.3960361738285325,0.2365776423820103,9.406559559078355,47.378115624389324,0.1400004827007425,0.7303696591879556,0
160,71.22219208126745,17434,7.533171317337982,0.9326305915633017,0.5096564508037607,0.36286581699510345,0.6880111059067726,0.830811832047363,0.8806684625501484,0.004344067784089911,0.9753422544669843,0,0.10878660888456082,-0.1358979449919051,-0.7379255492689034,-2.3841760062557382,33.92408890920278,0.16137337151482933,0.37036215555765917,1
146,88.02277792083532,16895,5.8724019998400845,0.48783527483623956,0.9088654063190036,0.6010911673963028,0.641436138888658,0.8555426899789067,0.3972421314668352,0.6453195833376167,-0.053130193532612946,1,0.47291404453413854,0.0558183956631364,-0.31364722593533756,-0.3305034077148665,64.14481405655633,0.6713910048249883,0.21322034907000087,1
85,24.16729006023843,17007,5.847409670156901,0.44557782576721455,0.7851898844228413,0.8486065518987798,0.4908745734402487,0.7315226147601581,0.2687007357542682,0.41738712770054653,0.6049034909629873,1,0.7503531224083427,-0.45392233422750494,0.35156950734246295,3.743073580428268,95.6017534028191,0.8089092960897761,0.037961360962912805,0
176,28.47920160458032,12233,4.226596394804473,0.356157731657506,0.48740630310080757,0.8886421138365173,0.6651094206866396,0.9901458612790124,0.34759981445865096,0.29754676134333025,0.4733717517387308,1,0.6114913343823433,0.8169897349065887,-0.8039531188341362,5.985925687858835,61.4295695344905,0.9080744025295909,0.4885356199718922,0
105,91.63233880626822,3141,5.749724697648199,0.7427929349204649,0.9453716496147778,0.4838499700332233,0.8624151824561404,0.7479694695801993,0.7127717935169045,0.9127010103571104,-0.4053645809759061,2,0.10058565659662388,-0.07093283068380574,-0.7454970404320884,0.16557085606801536,86.55297392956052,0.8136115153461169,0.5742809642273129,1
83,27.208433599867337,3635,8.646442011310297,0.45847976133306984,0.05723669351680938,0.7284224872994381,0.5584077076431359,0.902177300479793,0.555005672334486,0.19280279467660666,-0.8828745789590433,0,0.3966061253509724,-0.1516887817619661,-0.8766675853851917,4.963884657102064,80.56256435688265,0.9739238788871947,0.8970027943777118,1
94,27.12567277652586,15691,5.896132685902245,0.9901996312793508,0.930998619712584,0.31645457653345765,0.40323912531020645,0.962049252368669,0.9041912075524279,0.38936801038140056,-0.71488748573012,3,0.507239498216864,0.6995060978686651,0.9921582578136532,8.489181888044996,61.466462960786515,0.4082518041651354,0.882092978748994,0
95,21.210847523488745,6000,8.15683853110985,0.4605478416511626,0.05050739238280655,0.34218640575865744,0.8011029406905896,0.9509009503503927,0.6021687693888833,0.9403118009277517,0.6765882340015268,2,0.9958456017162729,-0.37604319670420305,-0.2258464627968375,5.898381808363929,71.8043822122738,0.3311657542220343,0.42468515847225496,0
65,115.65013982994802,12135,8.21162752374967,0.5153088374261026,0.5473047441146843,0.19446351918231375,0.9835759626595315,0.5669907406483495,0.49301820848150313,0.4271065628370424,0.4624276399925622,2,0.17860790932365278,0.634930689021922,0.8115903354692691,5.665340764033662,52.53441472773268,0.028184052345116895,0.42357792900346214,1
55,93.75083594590069,14966,5.866205781896169,0.6826673569696278,0.8904409480010858,0.5619481099932393,0.7640959381531498,0.35506344081998104,0.7857527238867329,0.5546936856470578,0.3286696889245557,3,0.9824237671601125,-0.7554542945573011,-0.4128287231514358,0.7295598762492386,62.4502951277755,0.44989585598809345,0.16112289671583369,0
100,55.32514085020642,5361,7.159943401980945,0.8413474345530441,0.2627209435613028,0.3145641509273652,0.4719531153562781,0.4203115917774728,0.9475338507334452,0.08033686656948757,-0.7387023366067034,0,0.3761497842294439,-0.6344229332702007,0.5064051302809915,8.671439632573012,60.58286042325078,0.6513715524132325,0.25744898784259085,0
155,49.653558128765525,8583,4.476858011365293,0.575614932276507,0.4722484989451585,0.08437089643850504,0.5924398554068039,0.3414563137776252,0.35584591124497056,0.7901663868934623,0.27986137490104945,2,0.20032048607382136,0.9016833323434694,-0.5618667673752422,-0.8401558705838337,76.72882903662185,0.8154086413224756,0.9256635763208915,1
144,54.97032297458495,9835,4.518392903671383,0.5381248270311667,0.3243288791369666,0.6850060866631787,0.920584968832134,0.373777854380398,0.24987621016547767,0.42275877708823817,0.5443046629862309,0,0.414109082123996,0.684894981615416,-0.003350580703499473,-1.9207946507044897,52.79850554850262,0.2674553827743703,0.14103601093520213,1
164,97.46535311811819,13172,4.243288318308567,0.9965102668758468,0.9521439170763514,0.7077532076053982,0.5395408445540971,0.42925587212558836,0.6162173962941392,0.8005151245984834,0.7212034997205812,0,0.6139951240348172,-0.22420219708718747,0.6492314785915592,0.46335900589755763,27.981369809771202,0.5135912763692905,0.9686995467436516,1
111,86.13706110704143,2006,6.905075466875547,0.20839491291195555,0.8236455947530908,0.35999241877905785,0.7646175420985648,0.5387660216111811,0.498872821153881,0.25379764255599213,-0.9735374416127636,0,0.21349739391099587,0.2769128974340589,0.6326687977901653,4.752343311077411,83.09676182508983,0.6620095646140466,0.5047385502151964,0
55,38.51955678674679,5267,6.130354888130485,0.9160522310809966,0.7090015113263796,0.0767233994560228,0.6416027249523987,0.680477752602553,0.9891855748647834,0.42247875056141004,0.3689502037569554,3,0.29143908330212775,0.8859403788619116,0.5885614347253489,7.9251697929176,74.7882402662566,0.5516028659840939,0.4566067747668311,1
117,37.41093353340844,8564,6.7401617833212,0.31931266075179,0.5876269866151087,0.4262977174034259,0.5247062328517894,0.7981774415485601,0.4623617841477333,0.7865489363650103,-0.9618046887935912,0,0.8545465017352898,-0.5762821942718315,0.6474688260771058,-3.018818264790244,96.00987643658924,0.27402071740240774,0.1746383806863545,1
109,29.839564971339733,11783,6.6053659525419395,0.8287402209671308,0.8205917893241481,0.44233545805021546,0.8880441361388078,0.4476491352745583,0.07433155136034586,0.9738777670436397,0.4137456910868771,2,0.9990094616688678,-0.8819790595539987,-0.5770554373882415,7.207032658902445,54.29729406782903,0.7962824382950623,0.6615412504824808,0
169,86.03027197013381,6928,5.751014955453652,0.6943452478770384,0.3922670415235471,0.668670884897893,0.8456987658794142,0.7707656829666976,0.9773690607776359,0.05962552438726887,0.2712427294640096,3,0.3181726914984264,0.07493612901061053,-0.03556745487922708,7.192350920034926,26.256452552887577,0.1733610124719337,0.45984551836224785,1
107,96.43726622217359,13456,7.387367074117364,0.4734778283984737,0.4475518551060619,0.3154163912586835,0.7969546395755593,0.7929813521516937,0.8435869455935401,0.8124561774189043,-0.703304274162055,3,0.14885680394994028,-0.7148062426728135,-0.03025705080568275,3.803790348851292,29.729518909059436,0.904979833786364,0.37066306791322123,0
111,46.5046428325004,4606,7.792509404581954,0.8990999644168147,0.7300017210808615,0.6825992797813054,0.5418019541612508,0.6910356358063325,0.17825014395796335,0.30068906762711023,0.5322435026902606,2,0.7931708199940416,-0.6253618145772497,0.781004974695825,6.409719093670386,81.86556345624624,0.9525967490548113,0.26451621858529195,0
171,22.09449610309128,13411,4.073141294388378,0.2103257823847936,0.35775476329371425,0.8714885417573883,0.45871420162987003,0.9325325088590974,0.9046052531128693,0.5507432808910722,-0.8633047636206177,3,0.6004556872751452,0.7830783794631588,-0.40621634120114236,-2.2717895277261895,25.420582622288155,0.3655732620752621,0.06648680301487198,1
89,28.217166747642736,7906,5.036211498844391,0.38135252165993894,0.06390094204837382,0.23748604236219983,0.7456955978955797,0.37769636974526744,0.3406668208217446,0.2900922649507479,0.6527975474892669,2,0.10040114337560113,-0.9851930827102173,0.8629917867780965,-2.456209987689299,92.62609159434282,0.3761817904859518,0.5193281165510958,1
117,116.78600348450304,5273,7.566179340416684,0.6535142369996289,0.07433460888607146,0.9789195561198998,0.7322067001236601,0.4239850203216936,0.3771119845344445,0.6134454725679902,-0.476141510303542,1,0.946771481436021,0.6336400529277371,-0.09840852738780193,7.942000511930907,42.53200890361483,0.7432782589171941,0.31290833305863675,0
79,49.54447774774202,9611,5.933100863169171,0.48123380803975846,0.11536280130570387,0.38636813713680696,0.5130310056009239,0.6000653770726394,0.9063914823621593,0.35380283064397555,0.37770372460132995,2,0.07804952839989199,0.033901552671215196,0.3395740063548376,2.4722265585185035,91.91032324634598,0.45628859855200066,0.7078652030027721,1
144,96.92231478381336,2913,7.31241973470804,0.6883019962546622,0.8696813233436628,0.26725868514706175,0.4337480165891035,0.3886989146639672,0.5301155650353153,0.3336148909776815,0.8473786820437406,3,0.6253564016336411,0.11858877529060075,-0.46223377544133126,-1.3109417862072634,81.88054790407568,0.028610143599235194,0.7235223567491524,0
129,82.46635688542638,4011,5.734813298672792,0.21928815472693347,0.4722264257562043,0.4215111825102905,0.44842507251639163,0.6964073006068612,0.13776292939851964,0.037938312935935525,-0.3203459506531021,2,0.42393725589358144,0.3435359209127249,-0.1794037863373854,5.330955364094855,89.6960829033352,0.919876727675241,0.3321070115377964,0
92,58.19396396528959,3442,5.953775761648186,0.29316714438537006,0.7128823693447365,0.09439747590385916,0.9956625919076403,0.578880326626597,0.369056159341804,0.14696040590381154,0.005788155880838364,1,0.5566239182399358,-0.13711001538397927,0.4196018641382808,8.378127504013314,37.12317534159726,0.4307503419657628,0.6691206835667609,1
184,40.568726219555515,7546,4.793394368448425,0.3016769921747514,0.3929093356048933,0.12570590651211566,0.8701503368457302,0.4992170561751429,0.7220974462678807,0.9170781988654788,-0.07376393209909926,0,0.21321419566014443,-0.7687762236151705,0.025494283702018672,4.484839689163747,67.65547966508547,0.20349510054031128,0.2586752402794943,1
189,32.138641815940645,13246,5.2911550983308,0.35142691673280757,0.2587109474156345,0.4144340469683314,0.9531924855791035,0.41899286911234607,0.17418418806801672,0.9982774288732463,-0.6847773018742638,0,0.6881103992506516,-0.7943595523903524,0.8614160233766677,0.21017564410025802,27.487130565793805,0.5556640731487861,0.7271737262421529,0
145,81.50129680388666,15790,7.0270587875379364,0.5674651526404342,0.34719216756221194,0.7624445219391001,0.517032833341818,0.5347367668437472,0.5902311974063588,0.7805205758696064,0.1806240209815233,0,0.9597196891333397,0.5087243983678851,0.4742499317949549,2.248566479395218,36.18246140315008,0.21890616259131657,0.016077145545221994,0
71,97.4633780637788,13738,6.165815556575832,0.801702959634857,0.7941823453171836,0.9003122395744909,0.9763411217940611,0.7255715455826394,0.6952741329444169,0.2868126247734868,0.486003837041896,3,0.45842587404491564,-0.5579297134654302,0.1288058510211998,6.284041914180094,44.792178186981474,0.20602199968160784,0.15160876698531278,1
182,84.39042535411306,14413,7.871513414722976,0.9244310703431209,0.6252161250314382,0.6648179907162709,0.48559261088389727,0.703049647622588,0.34385357554257934,0.40244513844359253,0.8337496578476384,1,0.5229582775682272,-0.9437966327647116,0.7733395133044163,-3.9874815669141874,79.26500732080186,0.5457313273906327,0.2450086619074362,0
162,73.03021332491583,16730,8.262924774691713,0.868298024227397,0.937639779957902,0.10521955523816973,0.7054490971398827,0.41453680014716365,0.6938806887083223,0.7395034549060827,0.7016052032990256,2,0.2398116705688813,0.9592277781978822,0.3311127775774887,-1.7425322606533662,21.977150351078663,0.39104229218946907,0.7729354869865064,0
79,24.195122343163625,15104,6.708232091083799,0.35751029742054685,0.679704778576834,0.672019762180535,0.8978174106502383,0.3874438675184434,0.8842073518293186,0.9685135568831981,0.02003875945606337,2,0.8918679837510811,0.9607830387213867,0.2946409468408646,1.9387477997417077,92.24938262977092,0.5729932782532223,0.06637625308440853,0
142,116.84887775943838,13120,7.791336460280296,0.552920441784506,0.5701816317546939,0.6354279207029719,0.6098820127069476,0.3186737338262108,0.4721167442332409,0.4554711707293676,0.43803430902386964,2,0.9711744051399582,-0.24371732531244028,-0.5072573337047455,4.063614461456481,25.664281097033737,0.9968254368112404,0.18805714371553095,1
83,99.87141916545745,3829,5.53452256597285,0.359529278206828,0.6101960089858345,0.8057639182933313,0.6548971199061403,0.30869791565575255,0.3829093281797856,0.8295224152883747,0.6015668267477856,2,0.7862968850860543,-0.9489523108857736,-0.21028606894357815,0.08748386563486665,50.11921562757017,0.8590181543707683,0.3586241055051941,0
117,49.28220367009648,10767,6.0748560770003905,0.4115774533337526,0.9423714394684146,0.8252486666521809,0.4769110661794587,0.9158673050037796,0.2511584013582857,0.9750689225987169,-0.013022572523302411,3,0.542773502159804,0.4545293171854994,0.36660730520804297,-0.5241361719517892,26.487170266286732,0.0076707992897887545,0.009174994152910898,0
168,117.99703293588506,8468,7.563888381084155,0.6028375852095089,0.7882009298667061,0.8682030757789789,0.4737531279993837,0.33156219920377294,0.6042054798633042,0.8734731710560043,-0.7691448785914645,3,0.9567968245086307,0.6620241209713384,0.7835834229663157,-4.3792370645041805,81.5174274482699,0.05055570953738975,0.7621209753744086,1
103,80.18815896363222,15703,5.931059964085153,0.25448721977881805,0.024041237366437818,0.41413151457909836,0.7717409348671957,0.8118547769112723,0.879852048038716,0.22714974677132693,-0.12413847230525832,1,0.1538500553672768,-0.7499726197683805,-0.3689050527101696,-4.510973419228287,31.305197872220543,0.6100794401312446,0.5601051496721345,0
135,78.24226582072464,2929,6.942524675794944,0.3745394636746186,0.5341396961356972,0.6978643953521443,0.805319421172034,0.9103895673714699,0.32466126718519406,0.008031863875622935,0.6849560764031297,2,0.47849085989521845,-0.7290827701815275,-0.5690287561140306,-0.8195771854576162,90.7805528209966,0.626256081132298,0.9006793870200173,0
138,94.8073179429532,13951,4.926863895412557,0.9483025290456939,0.6883384115465648,0.26825035892231075,0.8663995084493159,0.3686404939937203,0.3962355245373035,0.4920817053884151,0.19328281078747,0,0.5376057067264131,0.6444479993935812,0.18739195763171157,2.9575915013431455,62.41775892732208,0.8781908440759933,0.031031032544945436,1
159,101.17697880901376,5699,6.99885657485249,0.5728930341267913,0.748698478439155,0.9993362799835043,0.7340092316090521,0.6054109966831123,0.4066255175499839,0.5313608316952668,0.44891675401867803,3,0.49191641975237677,0.8438147774304696,-0.8656058037945737,3.3455724466811727,95.87782555643169,0.6290571745218257,0.27139068376632025,1
172,85.64786073315027,11655,8.307568536134468,0.5563092207822977,0.21314211931393667,0.17533424137685993,0.7874555753567836,0.9736120882219936,0.5608123417775172,0.20125036455116962,-0.6294639556948249,1,0.8024182871787032,0.5815096733482992,0.42908340290001035,2.410412393003033,43.22887302465563,0.2277145385157423,0.7312516574367022,1
140,32.80957463662,13467,8.34319819911713,0.21165372380102312,0.8671773544513522,0.01011443166083581,0.40811036301983206,0.8838970623665094,0.22840896156743862,0.28467439194681765,0.9286755364220114,1,0.6704028910163641,-0.5985101016609409,0.40627708657496164,1.1482102600425144,56.345292150271284,0.46851622770365087,0.6751494194489744,1
117,53.82675059944984,17845,7.621722031647698,0.3979197976466766,0.9558431471751637,0.148808714518176,0.49730243628231285,0.6427928223004985,0.8222111553077043,0.7651531608485469,-0.19183894101338117,3,0.1266584659182617,-0.17695756113155814,-0.2900679380276898,-1.2156261610801882,75.53975698636623,0.8089854006711885,0.2430574406047079,1
158,112.80836403260497,15120,7.72876689538063,0.893033948785745,0.23671530584486977,0.7758722895441267,0.9909488596101428,0.833799778954087,0.2956022775042213,0.47034725871313376,0.3072710454354579,0,0.3464513073430604,0.20168485173182815,0.7853553066898034,1.0104164738917323,86.55306500567684,0.9228249645983715,0.5956877349680622,0
103,42.46156118438519,3054,6.789637225753504,0.331702742606935,0.8826154575172458,0.4467836765082115,0.4455961037894991,0.8833643371021647,0.7053626908966819,0.31735408360025663,-0.9622554908187895,0,0.33907684838688634,-0.6794130523583426,0.004362283078255036,-2.9186005192172977,53.70856701964854,0.23691511896670914,0.7937576531077537,0
125,57.21670238375133,17747,6.923340450829124,0.5320999516277769,0.09697876251609538,0.4475002478104283,0.807272933356147,0.5436188742321035,0.513215741779552,0.6226260273619194,-0.7453614754894173,2,0.5656321927929286,-0.5787950147349834,0.29152990138587365,-3.271111564609448,91.39460306617313,0.5396047350133258,0.033380703334614736,1
55,63.2076882944196,7744,4.66825290705259,0.211464724693601,0.055706836115245184,0.9550229196116685,0.5056495798190298,0.9245070418089725,0.5858976033527569,0.6527597559761253,0.564068539769838,3,0.29145841765789693,-0.43422785586289003,-0.5808430361233243,-0.5008511477931288,29.43897666595162,0.15892755017040272,0.7176283968694148,0
177,63.940498969445215,3900,6.2192959421065055,0.5826683853364447,0.12922380010274936,0.9196349080280742,0.8300311514605851,0.6293313237740097,0.17960873882730288,0.7693957768408022,0.9359388910405093,0,0.11727176955391061,0.019026540581672968,-0.16531932967999996,9.930231946408295,76.69477750480763,0.49699969892756923,0.25209706511397556,1
116,81.29395824945254,11649,6.253881419431819,0.21681688538097374,0.057741079467035994,0.3111947378040092,0.8235942417771961,0.6694651544911809,0.7350231981781705,0.15670929576291914,-0.35988928988904356,3,0.6536826656571354,0.021609774355095146,0.7248350805395363,-0.10254578725402297,47.85591857709284,0.09011412074950109,0.9478512885341324,0
86,114.30758377447076,8980,8.792489178338702,0.8556876424526398,0.8450122371557759,0.20905812878086616,0.5405194358728541,0.9997953464752816,0.1886205190426311,0.7415172523269903,-0.9256385301174703,1,0.8510369385350225,0.6285890386951052,-0.5741209047353144,9.046845855326579,28.106838730607755,0.9417280699504742,0.5382202213611084,0
83,44.06927118325049,9069,6.155434313116447,0.8598830139896829,0.05905014445827195,0.8484822099337397,0.5617806395315226,0.8903120763065129,0.11347363762743912,0.5994283921104185,-0.27826679603972493,1,0.9316080954659239,0.5060204013752512,-0.21885124481506235,0.8839321865154108,50.933164544160306,0.6380564582826155,0.033386182631281125,0
103,32.150137630091805,11591,6.746713224513789,0.8301937506418959,0.2716641913636555,0.9060190710443632,0.792862428161253,0.553239004041086,0.546679499888787,0.05757186530279712,-0.9650637394419948,1,0.9725784176594758,0.827471350219884,-0.3638469111437401,1.585149867994141,90.41724995884543,0.8542167417136771,0.40343061878255526,1
84,39.74704898599373,5415,6.6662569963955125,0.4266912551128946,0.10375634353585639,0.5415969227984869,0.6340516232681281,0.30724191753089,0.7092971369176653,0.7774456282534111,-0.6152538154750617,3,0.781116846209014,0.6658034456491928,-0.6977796302704398,6.955943248033442,98.4427097030912,0.9982951741819063,0.9663118582194857,1
73,108.69249002092695,2442,7.183808585221636,0.8697897745774545,0.29542203631376496,0.6294237111171005,0.5167287818199467,0.7383218516557262,0.05003583643475673,0.38308028133318506,0.5049440301074768,2,0.13970242829190216,-0.49224490338869065,-0.4205641637449289,-3.5954250882881493,51.42398856803861,0.18266599470537825,0.7303729932442136,1
72,84.5810812655206,13842,7.7411641566594795,0.6343985060842154,0.09055946760092048,0.2569142846922934,0.8390077592724892,0.7927393982896754,0.06939531494054207,0.33038093432963755,0.8741767962129923,2,0.8531118242367245,-0.33740646139200026,-0.5344554328495665,-2.2653001460954076,90.91331102451001,0.6941434149596486,0.3004790036864622,0
55,48.590678923916016,8218,5.12520938085436,0.499046487093602,0.668003250743014,0.8008026879785246,0.49248851460180054,0.7555618831003656,0.802679162705919,0.44807515158163436,-0.8251018312622267,0,0.39996007338247397,0.0008464872650675304,0.8471872609226547,9.607603974628221,60.77235329935026,0.8869862935068581,0.5752672943138663,1
132,101.59469389686173,6652,6.643622095492178,0.7002639677633864,0.13332681634257515,0.6321224284490231,0.913386198486968,0.9775036458142492,0.809032699507332,0.34617507730612906,0.11580155762101851,3,0.7299113137923636,-0.9714577308727108,0.4821576090855919,2.58876009941042,77.36120301311531,0.57593816741179,0.5991013556195962,0
169,106.1369996363436,9939,8.129588536580151,0.20987283684829922,0.8518459258388879,0.5035135112979966,0.7088017144310965,0.904079719132501,0.2453047170590812,0.33828559220990906,-0.4922383077519361,2,0.5312680049608358,0.8078040125674428,-0.36779683643435135,-4.335354766870545,23.629713781905856,0.639696378366561,0.023348160783210226,0
167,104.6514338690278,9833,6.315573569187557,0.31436870208060175,0.817191050726641,0.060108556078395825,0.46342036232758044,0.614182185226454,0.6152282028002035,0.8080776677006255,-0.7218817484121409,3,0.8286061336487837,-0.9113115748753216,0.5266781064854196,-4.289289004159242,64.58495775872187,0.4076710895171374,0.178833361249222,1
168,111.89265336395545,11370,5.3922877318678655,0.7938348305362102,0.01366168547060942,0.9159349625111537,0.8164434001185907,0.34400024123066664,0.4431800751446595,0.12450525436569226,-0.562039540216885,2,0.4255057328396886,-0.35511745836672737,-0.9557200939322572,8.608610256660892,25.612954896879234,0.674760833716514,0.5517769383122278,0
117,45.22410201733616,9597,7.273545376781495,0.3953292869729224,0.8957263555151146,0.615451420384406,0.7114978237447243,0.6332411386513979,0.632696041403513,0.9706000678574586,0.1555261349954149,1,0.06179381074002077,0.13834958239281336,0.05304942154227987,8.100476343380764,41.489436567503944,0.3955779146961238,0.402752558490689,0
186,95.50419287462783,16325,8.118836978995615,0.6784072938629997,0.02894431674336706,0.19269109469296797,0.5788345430768858,0.7824708139734161,0.8628792840992251,0.5549316443743433,-0.8697309971120779,1,0.5568237108824708,0.03568277721373159,-0.4993308725306538,1.8759866041765019,65.34514606949429,0.47661963815144837,0.19003781452016077,0
183,66.053949727414,6458,4.315701464636956,0.5080820822584238,0.23964578495755662,0.6063861169830528,0.6535236281343129,0.7253968657589032,0.0798564245822565,0.1829239984213129,-0.13156280766316497,0,0.17129055466767318,0.3089197856517494,-0.7713558563829717,-2.5516687108310188,84.57310131373444,0.10291174262282488,0.7726687348641699,1
62,104.19985528900615,8591,7.883952417036136,0.8838446230394092,0.03238913777599506,0.6774633542399734,0.5790026461524993,0.6766959473976194,0.7779844259884543,0.1312154829316865,-0.7295442980896722,1,0.9655176323529227,0.05504035058841805,0.7675170566769771,7.454269095437196,64.87149150431284,0.007808400180381647,0.4889948806787626,1
109,92.84906771616131,11449,8.108239664808856,0.9619322447973149,0.335843487039316,0.5257703366832255,0.5578155014456705,0.6281732706106689,0.4930291045210393,0.5915095321349826,-0.45464589521103704,2,0.5269630658254916,-0.5419971485939312,-0.6013189314748548,-0.13099839080524234,94.8953232892168,0.05515112413894685,0.30997314236684914,1
157,97.64474464997247,13826,6.3076146379430345,0.9068517826961524,0.5138665257132716,0.7181017379560225,0.49816505250622733,0.5056333111191704,0.5641269437619965,0.632999443846928,-0.6184913405134722,0,0.5535587938372605,-0.5978436244122562,0.6447821858925646,1.2858759799464305,84.82660060606685,0.1925216409376017,0.16167734641574594,0
185,85.61618376810715,12033,8.916528284092337,0.41649599575487734,0.7966448690151381,0.5814539479286243,0.6176602798824855,0.49414273320724045,0.6539313600171203,0.053025771029810764,0.7659509996617944,0,0.9072657128148177,0.8144941381509971,-0.17355464501645756,5.237145685739771,32.49921168840821,0.45660381959506535,0.6111633627916309,0
86,37.74287694697068,4309,7.933541703536545,0.3553302952368658,0.33798155046983613,0.9477695820321482,0.5505923237896424,0.6501620352480613,0.9226231491291074,0.2430019141287858,0.41602266174257907,1,0.6245852451511749,-0.47206652652881487,-0.9714184599185993,0.30097530111481685,51.11667885023499,0.020994070851453883,0.6662613026613708,1
64,74.50269188969384,16138,7.868312824478329,0.5795479148965881,0.7054900246731167,0.053697078599306836,0.8100606922323503,0.4124222025007543,0.05671995355173787,0.7954619212214673,0.736925157894941,3,0.30272937718970716,-0.4380455322409731,0.4650656586020505,4.430048900474395,73.47883418454231,0.1559366391542325,0.6695972165770953,0
164,118.46697395245081,8268,7.739192872060359,0.20586732066894423,0.18750445711898034,0.1062457084695605,0.8103260446979839,0.5384797965023611,0.029476352124447658,0.049624627743525496,-0.23307433090461505,1,0.29609461691337113,-0.17409420779931084,0.19271951643873586,8.279240656638764,95.07248252874321,0.7814446038844386,0.22028736028870277,1
178,113.73880664971189,2910,4.75304051609137,0.2206475142905454,0.7505984567441264,0.17367163695433985,0.7011041455333831,0.5267854922970696,0.17826178148877347,0.8550886639060361,-0.3731732702926598,1,0.5015786499064562,-0.7211233457000521,-0.31165623366436135,6.960599031617162,99.01726949957367,0.762166558262047,0.5953384072223521,1
141,24.31737357970117,6340,5.0861544322650545,0.6426325116984001,0.23599660590923754,0.6901710706043321,0.8667667164821926,0.7109929611089406,0.9864477260267365,0.6581624765263335,-0.2388256102044659,0,0.8666082289291589,0.014545688846480775,-0.43690813214747326,0.724166108007406,81.05491503702457,0.7897302916754999,0.9054064648584275,1
109,36.481481572943714,14829,6.319950657322125,0.6163595233322288,0.14354475594376792,0.6455958727498087,0.904803831403629,0.3466776102541172,0.7150763673777757,0.4344232593632048,-0.9629036085511851,1,0.7947293407362785,0.3300635234042628,-0.8526174952591306,-0.6809516794439778,65.9015444463491,0.9215409431967739,0.3531876007629875,1
86,33.17287734545619,6009,5.320021749797329,0.995665591228208,0.1854088503740543,0.892058860209694,0.7478598744605639,0.8807680761855665,0.6146411190545019,0.34643284897091586,0.44940855029711635,2,0.9627405860568448,0.5720009841547338,0.8828511896705444,-0.7173432689066148,80.52877517903936,0.11907100073451915,0.2107669326418441,0
189,92.59799099852955,8628,6.0762048616702025,0.3614734682910065,0.18206312888185539,0.7328774528838984,0.7713610976580603,0.6936648662690814,0.0470390534147479,0.019248963848893963,-0.3004550862098434,0,0.07188612285220364,0.42290848372845824,-0.012030230615828641,0.22886725564874588,41.85891355711582,0.16313987622788295,0.772149516020762,0
147,101.77853298569451,4169,8.442320549614603,0.40648314332837476,0.5128628793769912,0.5083554875645923,0.5697315458718191,0.7695786765431547,0.8791102238929648,0.8252149457518431,-0.37335239284641664,1,0.26832606896433864,-0.7047280718394726,-0.828950964847784,2.402754800871584,42.688242180770615,0.3335536146013144,0.17688294015945139,0
62,41.35113663106719,4172,8.121634459396347,0.2908325138610294,0.8447975811881461,0.9918317924636303,0.9369215204233119,0.792165732631603,0.8127568532971595,0.1427218539685381,0.19628213074106582,3,0.08020770781372599,-0.08786571005815214,0.737359435488941,1.2489622104091467,72.34794769298585,0.9151411989809096,0.25374872039489194,1
119,70.5852692951829,7668,7.1501993923999105,0.9340344077229958,0.07960507699250563,0.26610795616929916,0.41452362665351794,0.5040388957897755,0.6648000438670849,0.3095419918620881,-0.12750017658036716,2,0.7510791939024363,-0.9228275983836431,-0.44233365436436656,-3.0049396851851324,89.74684611199282,0.775477743005945,0.10064439431196248,0
111,104.07030280112,8313,8.290601971255517,0.8222489955667607,0.7069563184934227,0.833191659785454,0.6091614816657074,0.6292600971694065,0.3391308154847027,0.5691069803628038,0.961686736447797,3,0.14083368915038363,-0.9644040065581014,-0.5927945685306903,-2.5481621249913755,97.5847591341083,0.3241212723323197,0.26787431607466927,1
121,93.28015447662506,10315,7.918861945086246,0.8578712891654781,0.6543464596528576,0.42679037219391935,0.8330802529299136,0.9693721691087669,0.07050495556825731,0.24599260007125423,-0.28749391420239734,2,0.09988631799760672,-0.11973916345239877,-0.4381251233155625,0.1439441409727511,47.30676806649746,0.08763581778273488,0.4103350662149784,1
126,74.22372054918483,10036,6.144924659204452,0.9222110303716071,0.8725199518293624,0.6487351388757342,0.44805370580269677,0.8366936665977704,0.5800384879009225,0.49714046375220133,0.22779168441582676,3,0.5616722070995576,-0.49407901108474195,0.12914291721422266,3.4309615008828604,83.72428984810563,0.6163800261488341,0.06415786194299111,1
108,79.03476904587728,17394,5.005325760249725,0.6199199893806706,0.24414756050690722,0.727268470452434,0.5099017164569756,0.9786898126562298,0.7196945714608375,0.8093428287387023,-0.37669779878069654,1,0.4114847121191585,0.36672158974672553,-0.851887031005927,3.88995925200242,88.1224644229995,0.25681916580565234,0.8717089108973005,0
121,70.836054691628,13350,6.571005200046696,0.560954553160579,0.4501098586850296,0.6337540871903363,0.7535714367177107,0.8223780416024018,0.09424035047724744,0.47053793479027484,0.9811899604213135,2,0.7151013387624671,0.44848157362682506,-0.03648618175464713,2.2931059734494506,69.85385944251142,0.5311525659685531,0.5136747922166857,1
105,49.75484513188206,8789,7.681144412642751,0.46431317893249324,0.9258273744435174,0.14050730310859327,0.7359962028781348,0.4229200977959622,0.6337676597984959,0.948977344119596,-0.10977793055974372,0,0.48701539170027297,0.7908074491165114,0.7914868902486252,6.081638218112719,47.80735057838103,0.9418033596009769,0.5881036318885304,0
151,76.50219928590161,16019,6.1820979936479645,0.6713716914782843,0.6599934501353172,0.44295101074793275,0.843356977678573,0.3451751186912734,0.28636606788715857,0.8475006203763417,0.2682576217336059,0,0.42533459594045275,0.5213650270780774,-0.6236568083077523,6.058731831351048,69.52708522190409,0.5726172453143344,0.3712857564334544,0
146,88.88853020500906,2785,7.333859548919486,0.563422717431858,0.3887684128615969,0.5614383779331243,0.8875675834529031,0.7043630057037645,0.7642442212198117,0.3330392353633942,-0.7465566580946459,3,0.4255004487469709,-0.9035117537269166,-0.3376224556955123,1.4144120753108282,66.75591234492103,0.9238344364233642,0.6698352295539118,0
62,107.33229158608077,8139,4.471637131455218,0.56125246928446,0.13141238285526846,0.8490437591785968,0.4771477471070015,0.5504692957918267,0.539615850601837,0.39996212458393776,0.4660484297273162,3,0.8718763803988546,-0.25675397928446464,-0.20775606989669448,-3.1333878385858362,68.52204046371926,0.3930387859948754,0.43178173585103075,0
89,83.62913539792481,8344,7.740023681857017,0.9495422909849112,0.26248500790059104,0.4436457487985723,0.41102859386514523,0.49282053709671914,0.1290367878104367,0.42332672702252716,-0.46157988424875596,3,0.3952256507224664,-0.4539532964957558,0.1724414230544904,2.9526215465068475,69.54081710301772,0.6333513372887707,0.761313774539245,0
150,96.1121537043158,4416,8.06356809946531,0.9872252114233042,0.5812154774893833,0.9187473048042515,0.8137831117953437,0.8650476974977921,0.526519447733236,0.6261794529245147,-0.10277349434065619,2,0.3333971277696335,-0.22773510034567757,0.838508493052623,0.7220359599074895,87.7646552697356,0.8938899739469642,0.8214021435154072,0
142,36.0071634954573,10988,7.534189278902706,0.8371875114636647,0.7181679475605137,0.4403742230252107,0.5808350774598156,0.5568952869573631,0.39573686336671865,0.2867957291885398,0.7662661246549158,0,0.33853507702272934,-0.6798486820625969,-0.210921583515149,-2.9311551535444504,33.60652106138643,0.5879873116091384,0.6718491118865227,0
132,66.15574744197899,14364,8.836317937631827,0.8054064721975427,0.12442188685189348,0.5487798592630116,0.7755903483507722,0.5219006788140127,0.1803559682816519,0.9692491388225086,0.9411050297702028,1,0.1966007968148903,-0.8045917926188131,-0.8616943186444728,9.727258149472588,49.38351580921345,0.6148986770271042,0.4913356191742305,0
86,20.93316198270933,6154,8.133260287303202,0.7444465294232812,0.599597260044054,0.796285682942801,0.49032675283733484,0.8949913152183073,0.8415157240621232,0.6086842206035009,-0.15085579631928603,2,0.8606888505739895,0.0419690850168013,-0.3040982771380152,0.5463308392015334,66.88013818805692,0.7163079820812245,0.7822693506022277,1
174,44.66788645216231,16766,8.515468639382691,0.332859881866811,0.550351278838751,0.5830676844221436,0.6814240279995778,0.8924011355405221,0.0110284484991362,0.39940165874113354,0.6696053359089997,3,0.14663081502758157,0.4407626217327887,-0.6198291748003104,4.386967594318463,42.66621908893011,0.8821077571882531,0.4942853114048491,1
100,92.64617151130048,16973,8.66785541728824,0.24728465670052363,0.513955446690708,0.9602180723828246,0.7026548476380621,0.5494566464285396,0.31212827687810596,0.6450098154915673,-0.8933020109002785,0,0.9086107377996053,0.40382180386388566,0.30354895763820666,2.3519329200489487,98.25224976672314,0.08818006124085298,0.11150990436956876,0
109,119.18099513493634,7619,8.006739959369042,0.7525810520906104,0.690123117682008,0.6603358305141276,0.7510466898239296,0.8827490906901763,0.012595038169426753,0.39540501052970767,0.6951480595805251,3,0.2834677219110062,-0.0981113556475457,-0.9414757816653356,-2.857575811748508,41.05202076818634,0.3368593821760869,0.1163402232441062,0
61,29.91780995872159,3936,7.371294210032495,0.7830289778052608,0.8374495950834618,0.522709454067601,0.7079020097983386,0.8955449432328624,0.09600694650615271,0.8177956809794189,0.25902064430529936,1,0.8994268221738468,0.04455797257789218,-0.4161400578538532,-4.166845649411441,57.57031045138922,0.3976847260806038,0.9485831396330012,0
128,60.14943158612883,12348,4.028592906803946,0.23757839287851185,0.3229896831768684,0.023591967780795864,0.6974144621372284,0.5967513745207664,0.29709621917308104,0.5678409605517213,-0.02258766321679606,1,0.7908206568145771,0.03265744501728274,0.09034701446523985,4.386541226229385,90.18920365704547,0.9097096653891777,0.21356300845787612,0
61,100.00709686991596,5807,6.329128766115623,0.9424414001830785,0.8890121901109594,0.41373289758032983,0.5996404923903134,0.34653119114642006,0.05427118538937359,0.041970503406067006,0.7799274102744955,0,0.5819875209503587,0.3831407555361124,-0.44533158790089145,-1.294671944781716,26.4050930128181,0.9560079245162014,0.8159249910219764,0
139,40.403563462889885,9151,6.855811493111805,0.27291251155574203,0.1606336126185507,0.29924841926016044,0.4427081417908518,0.30110925112643805,0.5966305323571411,0.17675686742346075,0.6906744450128277,2,0.6694700039185991,-0.9041496480879518,0.10199056669050832,-1.3451900057942745,85.65504016754015,0.12038046466512475,0.24670540727502854,1
166,75.50849493022862,11493,5.520151362239998,0.42872042701696195,0.17302386975116435,0.7481056678874892,0.4537121180781054,0.6663047240222965,0.08686290798618279,0.8649939730295346,-0.406109808092856,1,0.3258440908249277,0.4197922177424478,-0.7705753556256336,9.35464284565466,65.6806695179736,0.11910767978878078,0.43078009385681637,0
179,93.30712960296748,14355,5.59052223451736,0.7379118502389637,0.2667720636239239,0.20827767515354578,0.6602669646442922,0.5408528453592489,0.7017136340660952,0.5628998263567899,0.582976764689515,1,0.5742286143276624,0.16440180151457495,0.885610975979245,1.9265995646693703,22.544163265573633,0.9348617942523624,0.6549481120981441,0
90,81.5985450260179,13332,8.805797078550825,0.3358980755235811,0.11953086954707781,0.20522008729407182,0.6134758766925958,0.9979923259108561,0.05264211262716112,0.950343476513905,-0.8010181326752548,1,0.29240290072669706,-0.6037825706568516,-0.41818638534022656,-4.5586090024896615,92.23303135734153,0.2957719013825927,0.15886717289590413,0
83,38.80247346154161,5236,8.45855432601373,0.24433271075379556,0.23031922468287758,0.18951904323737678,0.7096808828046988,0.8406876997390988,0.0593088948010968,0.07242231286068479,0.6455278709347403,1,0.40227281389046166,-0.901882292507471,0.8460016787797668,0.09764072724710182,23.135746836459443,0.24181441903715273,0.7372464883638775,1
136,55.538456868573945,17848,8.24589502750852,0.46491719133131987,0.1064117629028446,0.12561561315623593,0.5829029015537601,0.8328928194452887,0.30532589903326635,0.2952606300859739,0.350911236046501,3,0.7646625552292448,-0.7829444188842232,-0.3483291209917092,3.7673731337833996,61.217423701703424,0.035622865754098676,0.6899129725565383,1
56,98.37917844853972,4352,6.030059008530554,0.8127772598841434,0.8217524169853904,0.3110070036708874,0.8127460548731946,0.9686699378011405,0.8965715249692775,0.1935433732395726,-0.8242673381361145,3,0.24393256381021622,0.049382682838539305,0.5636803823459755,-0.07148872224318836,23.922499709254488,0.27559593477064903,0.543082889105783,0
183,75.42265141320166,3932,4.068492752044572,0.5309429431882082,0.1389689918866246,0.8859221144434251,0.9183728932057064,0.9214070785253246,0.6413932487233165,0.5538402922287362,0.3661603469482708,2,0.8388460158375377,0.5168170601825657,-0.507625285077494,-4.597220689487865,25.69600787795985,0.6935264272259882,0.5658897560424324,1
101,20.522961354291272,12913,4.40111123227857,0.7223783375263515,0.7472975575598568,0.774928472305955,0.5793179132721207,0.5227312356194721,0.7701312919289194,0.38279283107990936,0.1610385533527403,0,0.3758828536649965,-0.3306854257509977,0.33953780477920237,1.6646689820010305,90.97634514063135,0.4260361627395617,0.10577179352159038,1
65,96.09907600280938,10556,5.560981841088019,0.6636952777825094,0.04791386791333374,0.7352512163067935,0.5157904047634172,0.4161910551227134,0.14155210947710606,0.15727353407639322,0.18910020229008961,0,0.532169960856181,-0.24175217858955667,-0.3525675723544657,-3.4114049573783323,81.26604375699549,0.5168703516517602,0.4359491504351223,1
184,23.531135494023907,6916,4.078714564978385,0.21777478562046435,0.9485203275139151,0.7973368056499627,0.46970834455245347,0.8221245855458374,0.8341254332472459,0.6427519139595469,-0.4182721297406029,0,0.9419604875628733,0.8682928300922248,0.018318258419317557,4.287400369940565,35.75529385959132,0.9172955966148854,0.08657139535762459,1
173,94.57337827312321,7498,4.08574890957599,0.9908319896365654,0.7111600875277662,0.26941788932957167,0.7697524243424875,0.564791725578011,0.00814624819423515,0.5362983657971865,-0.46700559997430946,1,0.6812556301868748,-0.573973831934848,0.3476282915273614,4.2938065033403205,69.6374378571403,0.11468978267131646,0.3078632910335106,1
74,40.24805601652374,12582,8.583016508212054,0.23314247105551023,0.006796548586111784,0.8874416907524878,0.6663135946843417,0.6312208561416695,0.21305735073300613,0.27473625129630097,0.52507022410804,3,0.6456041128446274,-0.7925011508492967,0.1777650104059212,-4.433612906023989,83.57436547449724,0.071240715242599,0.9003121410906335,1
59,115.80734801193802,2946,7.530792510595271,0.9742421901187881,0.763856500200214,0.1373033751416044,0.5128094303177734,0.7412784118923788,0.6160923211499935,0.4797713577823778,-0.4863730379655218,3,0.7116077276050291,-0.3131797723999641,0.1525611865673886,-0.6400060760093416,91.16725130934918,0.8519307491238942,0.5745334005547921,1
91,56.79407513020845,17234,5.5447799503407635,0.6398913426915185,0.5140819207661853,0.33634572671558194,0.7918820399751132,0.9355108738546685,0.37524640859405034,0.7457383150411895,-0.1074754963802027,2,0.9181113387605614,0.49184423898454743,-0.8686383286847654,1.2052939560850575,57.46455414713171,0.7748557974307065,0.7427034381526816,1
107,52.69316163380791,15865,4.663222888004766,0.9705272216520533,0.7793651703351198,0.5867481189673429,0.4890899098031707,0.5933614275696761,0.9841933917185635,0.20527167455065853,0.38957799719756947,0,0.24851370922151084,0.2521545821122637,-0.5018463356568164,3.2539614678876703,91.79999019209633,0.2637341869450325,0.5738858673758923,0
153,34.888805033244466,11569,6.558178589475386,0.29180287953106837,0.5224968088905885,0.10290508834200063,0.7325804235087716,0.848321823153553,0.030339246818318233,0.2929057467017291,-0.8407674973451245,3,0.6132412057993384,-0.1684091212608616,0.1436785797130833,-0.5590485543770738,60.628005817404926,0.3242341263740829,0.19423675800664908,0
140,50.560421549021484,3439,4.026730804271822,0.5923268153484106,0.6410248576353547,0.7301301877764249,0.7162890289751589,0.4878378538922602,0.9985981679365432,0.34611098709411514,0.18909676522331442,2,0.40039385438365227,0.929505065663661,-0.9633655855685499,-0.6838023117290275,75.0582433742153,0.31027783577566026,0.5948083157798915,1
162,107.66507618282006,13372,8.69206871929072,0.3356032734928469,0.7863316553950405,0.38724604820347497,0.84053668071165,0.7885802536465295,0.6236278328613161,0.7467264372010316,0.17875274529623453,0,0.011855293210243922,0.46999287658914657,-0.4987114897680407,9.745227343753891,98.32234875401113,0.6478087980219113,0.7553880773055249,1
78,119.63343376272474,9730,6.074075596944736,0.24077990161795393,0.4051080545878567,0.7844056656084001,0.4330657839644001,0.3011055947545383,0.5587069945960965,0.846922599550907,0.368457421776051,1,0.1253008964061092,-0.8762771512334124,-0.5416295211376065,-4.3720580641865014,38.87614313556214,0.06121150698897937,0.1384050028670275,0
135,56.83095305068483,6857,6.011674776186664,0.6940232920498492,0.002708149820452088,0.49289628558460274,0.9327237591107982,0.9100550494434443,0.059512442563974366,0.3763884964416109,-0.26014380938868276,3,0.3249918952635884,0.48926288770809667,-0.5002877796783312,9.835681211367278,33.48170208659825,0.4894015852637269,0.8169067100945848,0
174,64.86106309545426,17856,5.952968037908911,0.3662267367693532,0.8499464959451885,0.18087452442533636,0.8217950356880916,0.32126570596812376,0.2733288766658907,0.2966208618339182,-0.10204045187232058,3,0.5649999711819157,-0.9519228881882833,0.07121899913330743,-4.283720883824052,47.36150599822962,0.13387296911274515,0.5553921789782958,1
113,92.2070938202737,2340,4.346641651938824,0.6701576146300368,0.3808903626246626,0.7347618113553444,0.5296755990092573,0.7989276283338089,0.9246626882915957,0.8894467583516772,-0.3400613721106127,0,0.8814747766962716,0.30064664623481097,0.16392070803838488,-0.6748785830797122,33.15192181762475,0.8197385409262475,0.0042752021687813,0
182,108.61957804650746,13181,7.191611198959133,0.28989158555918854,0.49604272601658306,0.25214395583894356,0.5100432091658438,0.33238073248289873,0.35424600318924426,0.9993649321926787,0.6163364943775516,1,0.7911141182014395,-0.5790343274146825,0.8179959887456225,2.4053628245402505,42.733024456389934,0.38066300430996525,0.519778486337977,1
168,79.30443341867841,2382,7.665018098141767,0.4655891771461622,0.007766642153968717,0.4908103012680428,0.65899612848627,0.4863719895758024,0.661653200467251,0.6703536396617991,-0.738778479927735,1,0.5533336724227704,0.3928844180751154,-0.22793790194756158,-2.850524854785122,79.43882586964833,0.5275721932194593,0.3956714921368296,0
169,59.15256981778293,15291,7.380626987941451,0.8253060464425979,0.492092010350098,0.07553326915690761,0.8905391977267582,0.6480416824895872,0.9994963504187216,0.9899806149891808,0.9259079071506597,3,0.07387041790746762,-0.3804408667044077,0.8531578342862518,-2.9773045622191425,58.201922873702976,0.029317608778785975,0.29644651128998756,1
68,61.262184084862376,11748,4.692177466646972,0.5496412174737502,0.9864874015717295,0.6178666544120367,0.9057699958834643,0.5939570797437668,0.26306971383354116,0.65996627780191,0.2696723119584348,0,0.2859062903949786,0.7460126159111298,0.30390868996834053,-1.1553093010858122,50.00330355959215,0.058264313541052326,0.7712572199178752,0
63,89.56181464968068,10491,6.894200840177962,0.7021963319178692,0.27826766081876964,0.6658577662162772,0.7122736552836298,0.4342852802207074,0.5760808790144938,0.7334602720078249,0.7738134487843518,2,0.3667086478922439,-0.3261723268170791,0.8253207918011114,9.602607753603541,49.497920422063444,0.6750548307334661,0.8994998836588509,1
94,20.321826360427867,2138,6.847422420861269,0.7179663525964368,0.3954182702423781,0.37867420997278356,0.9164865176120425,0.5336704381964661,0.6964377927022132,0.38865600154351365,-0.14753708347047145,3,0.6217171852038426,0.2393917108085939,0.6669442033600967,0.7017528831184618,35.56239799200426,0.766770545141332,0.7626530893451102,0
79,81.95893374598407,2358,8.342053939706911,0.8750040351898349,0.6871899964686766,0.9544227803210739,0.40326622551501434,0.8093944590426769,0.16462724656541516,0.4329675469990535,-0.33544185921600667,1,0.06492362297984111,-0.4281448806920234,0.37516488681537496,3.4899225740378768,55.79291634295962,0.7100355846022014,0.8467725815908732,0
157,55.54930104413574,6931,5.895638291878235,0.45993823552531304,0.8147936675236587,0.8741689214820684,0.421104778918958,0.7684799648057538,0.1486725636961821,0.14413566398939515,0.8014516202479669,2,0.5301935545004733,0.8344430902843565,-0.28778820096208113,5.564371035724696,69.9708446950541,0.7370186364578603,0.9087809432111732,1
76,99.41973312770843,11714,5.857429718297171,0.7498364500660142,0.4173916240061003,0.7079409157399947,0.9470929561820457,0.35027020863474095,0.4563079116581733,0.8227500147651232,-0.8022539422473944,0,0.9014645761447072,0.5619919620563447,-0.517779104629563,6.133327532863156,31.1323867614579,0.10461985054932899,0.9126293113764777,1
58,29.299063982313214,5456,7.092635293590928,0.9692926456369326,0.30966887040129254,0.7136520744937427,0.8651991579315497,0.8231210779010203,0.3858125217592894,0.9310590308872001,-0.7657855369894444,1,0.7054326956974029,-0.5133942473107937,-0.5552171289759356,5.3206144951803225,97.82502891761717,0.6934508410975411,0.11463814299675745,0
83,78.82022669483905,3627,7.165363267497565,0.7841946674862945,0.9378257999850671,0.25240171494215125,0.6704236349502315,0.3371321168379198,0.7142154368573138,0.623438133694112,-0.40130644703064533,2,0.7970768065627564,0.8975934251173192,0.9043476749125625,0.053922897875872344,55.462494114138686,0.18174758268909363,0.45638548888716146,0
163,68.09728898861238,16270,6.346426136628952,0.5918963813741956,0.6771449666716692,0.656815231088449,0.8521660788867923,0.680048472369849,0.06950877144858625,0.3436473084453985,0.919549963532637,3,0.6816756483590735,-0.28568482084754354,0.9171476862587162,-3.324082589659063,95.83687334011158,0.09801543187678541,0.0002864743929102964,1
152,84.23255259052274,11495,6.215296811652106,0.7045739555935435,0.11902130449314108,0.19820626523551965,0.9733836770340529,0.4820439236295334,0.9721666237406904,0.15401632537436627,0.2661372197302141,1,0.20658911217259224,0.303729895334375,0.44966274704861786,-0.7742528700018365,30.77271412993482,0.7571608304548411,0.5064625847036726,0
91,26.485359448296833,17996,6.470738353189414,0.7917463182104865,0.06892787813464862,0.14400322391982212,0.8632537143287711,0.7113830892918731,0.014276981685832357,0.26515622970531494,0.10838739323079638,0,0.11048382006601865,0.48570646222879277,0.7675919681529546,-1.8455715984574006,81.37727625381441,0.8894061171015647,0.9242439343437908,0
129,77.99837874281313,8626,8.30522649751656,0.689820612555098,0.48354985079036905,0.9994678942025802,0.9054228002909932,0.4829298771586313,0.6013168243361512,0.2554104208518433,0.4107126727108412,1,0.829490673004909,-0.9541956770701754,0.837992326158121,-2.9558404269602483,69.4110440434836,0.7167099074051587,0.1991022903981734,0
124,76.14845879595237,7004,6.30583450626955,0.21334065079187134,0.22009006604727244,0.6223759314731742,0.8563639488340371,0.9894705787380818,0.5626325958673883,0.6135278841635731,-0.16505088784366762,3,0.6955044360155284,0.9179346923144924,0.023112393038624335,-4.632549023725719,85.60512956346966,0.8055734528147533,0.6397866287665797,0
182,76.0660094416171,11326,8.699658959849113,0.3558187981497807,0.2539847533762535,0.4309878726571905,0.5009266554601249,0.5168097286092723,0.13471573086972577,0.9450374653636044,0.5161470028415984,0,0.5750615588163682,-0.3111173878252702,0.2581193812503444,9.035887735876212,68.05423383641642,0.9910881551216159,0.6443790464178937,0
139,80.34876665964548,17201,6.52001881798163,0.8483745737723729,0.8776921788278482,0.28816452288395134,0.900144465787442,0.46937244497214714,0.1509159827135298,0.04827188695798146,-0.21353860405424485,3,0.18928286496824598,-0.6204422131375515,-0.16249100415957085,8.815515798180073,97.0269306594245,0.13475591140668453,0.16035398468777295,1
96,87.64679372263622,12378,8.746003465904458,0.41812051784998777,0.08956602431631067,0.6039204436622274,0.517065292014526,0.4949257036407422,0.7926774877946268,0.0010222995944479951,0.6527263697129291,2,0.6033449653117534,0.7014155834569962,-0.1630184714294738,-4.243744915547461,70.15454647438861,0.9651525524330385,0.23852743931746034,0
154,100.49889996807697,15283,8.164159509345378,0.7852496956489072,0.7153641152288897,0.049593508220086124,0.9355667968264882,0.9275310000815067,0.8875624584126831,0.6001819443143256,-0.4654098358469909,1,0.03132178522215978,0.4057985656468288,-0.9231421627107708,-2.4037314076939733,82.76833002755745,0.6011978054901025,0.4620217839602411,0
95,46.98207201282143,16770,5.8121566130791456,0.497696172193359,0.27114225338058806,0.09468099050479506,0.6751899388486455,0.7453531800685413,0.28301696588376957,0.28406046207971525,-0.4449066814039515,3,0.11883913439395943,-0.8265134547532949,-0.13235707903038896,-2.9074929280580952,90.20654180266939,0.8132531573450205,0.18820937645434543,1
88,102.5049410180062,8652,8.31820710648308,0.6175074625263546,0.7603282214041377,0.032856697740396346,0.806186051386617,0.8114788681945435,0.4379639639625684,0.880548342338957,0.044766610853470334,2,0.31189014980442453,-0.7659108372464609,0.34697962302636665,-0.7816559836772399,77.16667769683681,0.65016918158767,0.5849939785245091,1
71,69.82556822634535,8416,4.550316421005576,0.254378639855523,0.7224113844635446,0.49916983326266173,0.6983445087283862,0.9426073570660451,0.35499504103835355,0.327250307905817,-0.13847768327652976,0,0.44373827741116434,0.43038374130729795,-0.15603566778685773,-1.9389669428188832,61.93893252505283,0.5700377887853492,0.48454173102226905,1
176,27.70582791343312,5170,8.625235876715072,0.34498044883976764,0.007391901444293025,0.6006066291871826,0.45639455764996123,0.9383107393915051,0.0725470129866519,0.2897376005288893,0.29623168856939075,0,0.12056449582200035,-0.8504334880818321,0.744819353753913,9.187803060967825,41.82536630107363,0.7036189940216878,0.5191981785123732,1
130,25.85509292439792,5835,7.158217575414458,0.9657575708153876,0.5091354129215991,0.06247976135782085,0.574433384572399,0.8172620926051093,0.6732042460158094,0.2695106212182973,-0.27141849065284207,2,0.1199401838575358,0.8343508702481301,-0.33487409518596367,-3.7374434515969424,88.35940907165354,0.3202586645129828,0.13446755282055523,1
141,53.42383186960608,10017,4.271953742611556,0.9121104427575313,0.13931948237804637,0.7212244674989166,0.9902391123982036,0.438477100188926,0.8251929348056901,0.1448528272682441,-0.5388987018592664,2,0.7258936605836355,0.4830802738952664,-0.734635906878301,-1.8249375949324516,58.44626021509427,0.9242715234919127,0.5172518254386435,0
171,98.48969771114676,4151,7.221283618254057,0.7218200887192403,0.8662270305786768,0.2303950715145644,0.9764288510018904,0.8903613244725037,0.3048793573912071,0.5815304742771106,-0.06038287423419786,0,0.5697194065334856,-0.3290155880660224,0.6231173814581188,-3.7891504312562834,69.65665810680473,0.1152925720557787,0.04947819105413931,0
160,90.76809347409157,11429,8.87123827072378,0.5677156779085899,0.8715858828624066,0.6852014537698661,0.5922921385933284,0.44264322393374456,0.9901757936307183,0.16821360233421,0.12191299899429242,3,0.533741980777665,-0.2741224415493235,0.34789583665718404,9.705780229666546,26.338123030473586,0.31803118408646214,0.8815352980116816,0
140,98.86149646724064,16072,4.349003273073144,0.7406090343161791,0.41834580749375805,0.9818971400352456,0.9977780825471355,0.8200291698689024,0.07585155728235493,0.42463115979029087,-0.7147998923406191,2,0.45243449511754996,0.012992192408202818,-0.5163610353588364,8.776202636455075,59.788105850147986,0.031162353200503312,0.3432496908055924,1
81,71.72690564416094,13927,6.773438548900431,0.6948882312751512,0.44439561845108055,0.6911058700538512,0.9073307172981397,0.779922146581412,0.6617907138145209,0.46097205225564886,0.11343725146633066,3,0.9765431063445639,-0.27806117270291963,0.07290251208446596,5.749473846481164,75.8526115215876,0.2713230476460917,0.8563373248357075,1
111,64.01989979554907,8905,7.738971748796862,0.6548418044836897,0.3032829394045271,0.8831930529236085,0.7665756996593529,0.8312221950983125,0.44822801452608896,0.020492046877974457,-0.3614865895042063,0,0.04980028289437677,0.5669371028766315,-0.19629532281241513,1.3895954832987005,66.7257527947016,0.21821307714140437,0.7016563687448438,1
85,34.745252670628396,4834,8.051292933497656,0.24734165749083348,0.716606298960031,0.9481985067430674,0.4240747721566057,0.6728799764996709,0.4466019011066559,0.016807279821142496,-0.2150962302629842,3,0.18062717616157742,0.9494738882032314,0.8777195528713155,-2.1473279671401118,55.8843884836564,0.049630860678631206,0.766172589297181,0
188,52.81927536093116,14452,6.069137326603979,0.7062420885292056,0.3586613630264591,0.48675104835231553,0.9408680977230277,0.7471083275744537,0.45764561603354026,0.5202126887568292,-0.4413637418734375,3,0.6475077574012373,0.16904303087638617,0.21466418184125802,-1.677654124697864,37.874185339973536,0.4917740638486221,0.31454449453892275,0
152,63.40193661738753,11190,5.020832795841216,0.8151360356569348,0.26779247452263377,0.7023249794197068,0.7344575675585918,0.9673240563039787,0.2586817738014284,0.6960347322291323,0.8628206555861198,2,0.13636565385124133,-0.10792534466494219,-0.6832214776260168,1.6456001283401713,44.773616007212766,0.4686360418556098,0.22774393983405516,0
66,28.860042967961725,4567,4.211711393861919,0.9952653237164604,0.43223105950450824,0.8519692535558417,0.9210856907216617,0.3707620159219504,0.7155628273322324,0.9421424822804046,0.3666725625604277,3,0.5893809380091738,-0.5544517194635656,0.004296905273970308,6.523340070047224,76.04994865298409,0.07774544389866889,0.40674055384111485,0
107,42.06119527112112,3307,6.898630785486124,0.20886284207544775,0.09148751838745872,0.3566089128743861,0.9006574719434454,0.516193092347134,0.7215765260850269,0.1791192841569551,-0.47507937719863325,3,0.56776122548108,0.30686683849560037,0.7251136650477015,-1.0290575600156164,37.93525590715191,0.2618505314084142,0.024225862412799337,0
